LOCATION,WIDTH,DEPTH,HEIGHT,X,Y,Z,AISLE,CENTERAXIS,AISLESIDE,BAY,WAREHOUSE,AREA,LEVEL
B1Y-1-1-R-0-0-0,112,48,50,0,0,0,B1-1,Y,R,1,WARREN,A,1
B1Y-1-1-R-0-0-52,112,48,50,0,0,52,B1-1,Y,R,1,WARREN,A,2
B1Y-1-1-R-0-0-104,112,48,50,0,0,104,B1-1,Y,R,1,WARREN,A,3
B1Y-1-1-R-0-0-156,112,48,50,0,0,156,B1-1,Y,R,1,WARREN,A,4
B1Y-1-1-R-0-0-208,112,48,50,0,0,208,B1-1,Y,R,1,WARREN,A,5
B1Y-1-1-R-90-0-0,112,48,50,118,0,0,B1-1,Y,R,1,WARREN,A,1
B1Y-1-1-R-90-0-52,112,48,50,118,0,52,B1-1,Y,R,1,WARREN,A,2
B1Y-1-1-R-90-0-104,112,48,50,118,0,104,B1-1,Y,R,1,WARREN,A,3
B1Y-1-1-R-90-0-156,112,48,50,118,0,156,B1-1,Y,R,1,WARREN,A,4
B1Y-1-1-R-90-0-208,112,48,50,118,0,208,B1-1,Y,R,1,WARREN,A,5
B1-1-R-180-0-0,48,112,50,206,50,-30,B1,X,L,1,WARREN,A,1
B1-1-R-180-0-52,48,112,50,206,50,22,B1,X,L,1,WARREN,A,2
B1-1-R-180-0-104,48,112,50,206,50,74,B1,X,L,1,WARREN,A,3
B1-1-R-180-0-156,48,112,50,206,50,126,B1,X,L,1,WARREN,A,4
B1-1-R-180-0-178,48,112,50,206,50,178,B1,X,L,1,WARREN,A,5
B1-1-R-230-0-0,48,112,50,256,50,-30,B1,X,L,1,WARREN,A,1
B1-1-R-230-0-52,48,112,50,256,50,22,B1,X,L,1,WARREN,A,2
B1-1-R-230-0-104,48,112,50,256,50,74,B1,X,L,1,WARREN,A,3
B1-1-R-230-0-156,48,112,50,256,50,126,B1,X,L,1,WARREN,A,4
B1-1-R-230-0-178,48,112,50,256,50,178,B1,X,L,1,WARREN,A,5
B1-1-R-308-0-0,48,112,50,308,50,-30,B1,X,L,1,WARREN,A,1
B1-1-R-308-0-52,48,112,50,308,50,22,B1,X,L,1,WARREN,A,2
B1-1-R-308-0-104,48,112,50,308,50,74,B1,X,L,1,WARREN,A,3
B1-1-R-308-0-156,48,112,50,308,50,126,B1,X,L,1,WARREN,A,4
B1-1-R-308-0-178,48,112,50,308,50,178,B1,X,L,1,WARREN,A,5
B1-1-4-1,48,112,50,360,50,-30,B1,X,L,1,WARREN,A,1
B1-1-4-2,48,112,50,360,50,22,B1,X,L,1,WARREN,A,2
B1-1-4-3,48,112,50,360,50,74,B1,X,L,1,WARREN,A,3
B1-1-4-4,48,112,50,360,50,126,B1,X,L,1,WARREN,A,4
B1-1-4-5,48,112,50,360,50,178,B1,X,L,1,WARREN,A,5
B1-1-R-360-0-0,48,112,50,412,50,-30,B1,X,L,1,WARREN,A,1
B1-1-R-360-0-52,48,112,50,412,50,22,B1,X,L,1,WARREN,A,2
B1-1-R-360-0-104,48,112,50,412,50,74,B1,X,L,1,WARREN,A,3
B1-1-R-360-0-156,48,112,50,412,50,126,B1,X,L,1,WARREN,A,4
B1-1-R-360-0-178,48,112,50,412,50,178,B1,X,L,1,WARREN,A,5
B1-1-R-412-0-0,48,112,50,464,50,-30,B1,X,L,1,WARREN,A,1
B1-1-R-412-0-52,48,112,50,464,50,22,B1,X,L,1,WARREN,A,2
B1-1-R-412-0-104,48,112,50,464,50,74,B1,X,L,1,WARREN,A,3
B1-1-R-412-0-156,48,112,50,464,50,126,B1,X,L,1,WARREN,A,4
B1-1-R-412-0-178,48,112,50,464,50,178,B1,X,L,1,WARREN,A,5
B1-1-R-464-0-0,48,112,50,516,50,-30,B1,X,L,1,WARREN,A,1
B1-1-R-464-0-52,48,112,50,516,50,22,B1,X,L,1,WARREN,A,2
B1-1-R-464-0-104,48,112,50,516,50,74,B1,X,L,1,WARREN,A,3
B1-1-R-464-0-156,48,112,50,516,50,126,B1,X,L,1,WARREN,A,4
B1-1-R-464-0-178,48,112,50,516,50,178,B1,X,L,1,WARREN,A,5
B1-1-R-m50-0-0,48,112,50,-140,50,-30,B1,X,L,1,WARREN,A,1
B1-1-R-m50-0-52,48,112,50,-140,50,22,B1,X,L,1,WARREN,A,2
B1-1-R-m50-0-104,48,112,50,-140,50,74,B1,X,L,1,WARREN,A,3
B1-1-R-m50-0-156,48,112,50,-140,50,126,B1,X,L,1,WARREN,A,4
B1-1-R-m50-0-178,48,112,50,-140,50,178,B1,X,L,1,WARREN,A,5
B1-1-R-m50-50-0,48,112,50,-90,50,-30,B1,X,L,1,WARREN,A,1
B1-1-R-m50-50-52,48,112,50,-90,50,22,B1,X,L,1,WARREN,A,2
B1-1-R-m50-50-104,48,112,50,-90,50,74,B1,X,L,1,WARREN,A,3
B1-1-R-m50-50-156,48,112,50,-90,50,126,B1,X,L,1,WARREN,A,4
B1-1-R-m50-50-178,48,112,50,-90,50,178,B1,X,L,1,WARREN,A,5
B2-1-1-1,48,112,50,206,170,-30,B1,X,L,1,WARREN,A,1
B2-1-1-2,48,112,50,206,170,22,B1,X,L,1,WARREN,A,2
B2-1-1-3,48,112,50,206,170,74,B1,X,L,1,WARREN,A,3
B2-1-1-4,48,112,50,206,170,126,B1,X,L,1,WARREN,A,4
B2-1-1-5,48,112,50,206,170,178,B1,X,L,1,WARREN,A,5
B2-1-2-1,48,112,50,256,170,-30,B1,X,L,1,WARREN,A,1
B2-1-2-2,48,112,50,256,170,22,B1,X,L,1,WARREN,A,2
B2-1-2-3,48,112,50,256,170,74,B1,X,L,1,WARREN,A,3
B2-1-2-4,48,112,50,256,170,126,B1,X,L,1,WARREN,A,4
B2-1-2-5,48,112,50,256,170,178,B1,X,L,1,WARREN,A,5
B2-1-3-1,48,112,50,308,170,-30,B1,X,L,1,WARREN,A,1
B2-1-3-2,48,112,50,308,170,22,B1,X,L,1,WARREN,A,2
B2-1-3-3,48,112,50,308,170,74,B1,X,L,1,WARREN,A,3
B2-1-3-4,48,112,50,308,170,126,B1,X,L,1,WARREN,A,4
B2-1-3-5,48,112,50,308,170,178,B1,X,L,1,WARREN,A,5
B2-1-4-1,48,112,50,360,170,-30,B1,X,L,1,WARREN,A,1
B2-1-4-2,48,112,50,360,170,22,B1,X,L,1,WARREN,A,2
B2-1-4-3,48,112,50,360,170,74,B1,X,L,1,WARREN,A,3
B2-1-4-4,48,112,50,360,170,126,B1,X,L,1,WARREN,A,4
B2-1-4-5,48,112,50,360,170,178,B1,X,L,1,WARREN,A,5
B2-1-1,48,112,50,412,170,-30,B1,X,L,1,WARREN,A,1
B2-1-2,48,112,50,412,170,22,B1,X,L,1,WARREN,A,2
B2-1-3,48,112,50,412,170,74,B1,X,L,1,WARREN,A,3
B2-1-4,48,112,50,412,170,126,B1,X,L,1,WARREN,A,4
B2-1-5,48,112,50,412,170,178,B1,X,L,1,WARREN,A,5
B2-2-1,48,112,50,464,170,-30,B1,X,L,1,WARREN,A,1
B2-2-2,48,112,50,464,170,22,B1,X,L,1,WARREN,A,2
B2-2-3,48,112,50,464,170,74,B1,X,L,1,WARREN,A,3
B2-2-4,48,112,50,464,170,126,B1,X,L,1,WARREN,A,4
B2-2-5,48,112,50,464,170,178,B1,X,L,1,WARREN,A,5
B2-3-1,48,112,50,516,170,-30,B1,X,L,1,WARREN,A,1
B2-3-2,48,112,50,516,170,22,B1,X,L,1,WARREN,A,2
B2-3-3,48,112,50,516,170,74,B1,X,L,1,WARREN,A,3
B2-3-4,48,112,50,516,170,126,B1,X,L,1,WARREN,A,4
B2-3-5,48,112,50,516,170,178,B1,X,L,1,WARREN,A,5
B3-1-1-1,48,112,50,206,290,-30,B1,X,L,1,WARREN,A,1
B3-1-1-2,48,112,50,206,290,22,B1,X,L,1,WARREN,A,2
B3-1-1-3,48,112,50,206,290,74,B1,X,L,1,WARREN,A,3
B3-1-1-4,48,112,50,206,290,126,B1,X,L,1,WARREN,A,4
B3-1-1-5,48,112,50,206,290,178,B1,X,L,1,WARREN,A,5
B3-1-2-1,48,112,50,256,290,-30,B1,X,L,1,WARREN,A,1
B3-1-2-2,48,112,50,256,290,22,B1,X,L,1,WARREN,A,2
B3-1-2-3,48,112,50,256,290,74,B1,X,L,1,WARREN,A,3
B3-1-2-4,48,112,50,256,290,126,B1,X,L,1,WARREN,A,4
B3-1-2-5,48,112,50,256,290,178,B1,X,L,1,WARREN,A,5
B3-1-3-1,48,112,50,308,290,-30,B1,X,L,1,WARREN,A,1
B3-1-3-2,48,112,50,308,290,22,B1,X,L,1,WARREN,A,2
B3-1-3-3,48,112,50,308,290,74,B1,X,L,1,WARREN,A,3
B3-1-3-4,48,112,50,308,290,126,B1,X,L,1,WARREN,A,4
B3-1-3-5,48,112,50,308,290,178,B1,X,L,1,WARREN,A,5
B3-1-4-1,48,112,50,360,290,-30,B1,X,L,1,WARREN,A,1
B3-1-4-2,48,112,50,360,290,22,B1,X,L,1,WARREN,A,2
B3-1-4-3,48,112,50,360,290,74,B1,X,L,1,WARREN,A,3
B3-1-4-4,48,112,50,360,290,126,B1,X,L,1,WARREN,A,4
B3-1-4-5,48,112,50,360,290,178,B1,X,L,1,WARREN,A,5
B3-1-1,48,112,50,412,290,-30,B1,X,L,1,WARREN,A,1
B3-1-2,48,112,50,412,290,22,B1,X,L,1,WARREN,A,2
B3-1-3,48,112,50,412,290,74,B1,X,L,1,WARREN,A,3
B3-1-4,48,112,50,412,290,126,B1,X,L,1,WARREN,A,4
B3-1-5,48,112,50,412,290,178,B1,X,L,1,WARREN,A,5
B3-2-1,48,112,50,464,290,-30,B1,X,L,1,WARREN,A,1
B3-2-2,48,112,50,464,290,22,B1,X,L,1,WARREN,A,2
B3-2-3,48,112,50,464,290,74,B1,X,L,1,WARREN,A,3
B3-2-4,48,112,50,464,290,126,B1,X,L,1,WARREN,A,4
B3-2-5,48,112,50,464,290,178,B1,X,L,1,WARREN,A,5
B3-3-1,48,112,50,516,290,-30,B1,X,L,1,WARREN,A,1
B3-3-2,48,112,50,516,290,22,B1,X,L,1,WARREN,A,2
B3-3-3,48,112,50,516,290,74,B1,X,L,1,WARREN,A,3
B3-3-4,48,112,50,516,290,126,B1,X,L,1,WARREN,A,4
B3-3-5,48,112,50,516,290,178,B1,X,L,1,WARREN,A,5
B4-1-1-1,48,112,50,206,410,-30,B1,X,L,1,WARREN,A,1
B4-1-1-2,48,112,50,206,410,22,B1,X,L,1,WARREN,A,2
B4-1-1-3,48,112,50,206,410,74,B1,X,L,1,WARREN,A,3
B4-1-1-4,48,112,50,206,410,126,B1,X,L,1,WARREN,A,4
B4-1-1-5,48,112,50,206,410,178,B1,X,L,1,WARREN,A,5
B4-1-2-1,48,112,50,256,410,-30,B1,X,L,1,WARREN,A,1
B4-1-2-2,48,112,50,256,410,22,B1,X,L,1,WARREN,A,2
B4-1-2-3,48,112,50,256,410,74,B1,X,L,1,WARREN,A,3
B4-1-2-4,48,112,50,256,410,126,B1,X,L,1,WARREN,A,4
B4-1-2-5,48,112,50,256,410,178,B1,X,L,1,WARREN,A,5
B4-1-3-1,48,112,50,308,410,-30,B1,X,L,1,WARREN,A,1
B4-1-3-2,48,112,50,308,410,22,B1,X,L,1,WARREN,A,2
B4-1-3-3,48,112,50,308,410,74,B1,X,L,1,WARREN,A,3
B4-1-3-4,48,112,50,308,410,126,B1,X,L,1,WARREN,A,4
B4-1-3-5,48,112,50,308,410,178,B1,X,L,1,WARREN,A,5
B4-1-4-1,48,112,50,360,410,-30,B1,X,L,1,WARREN,A,1
B4-1-4-2,48,112,50,360,410,22,B1,X,L,1,WARREN,A,2
B4-1-4-3,48,112,50,360,410,74,B1,X,L,1,WARREN,A,3
B4-1-4-4,48,112,50,360,410,126,B1,X,L,1,WARREN,A,4
B4-1-4-5,48,112,50,360,410,178,B1,X,L,1,WARREN,A,5
B4-1-1,48,112,50,412,410,-30,B1,X,L,1,WARREN,A,1
B4-1-2,48,112,50,412,410,22,B1,X,L,1,WARREN,A,2
B4-1-3,48,112,50,412,410,74,B1,X,L,1,WARREN,A,3
B4-1-4,48,112,50,412,410,126,B1,X,L,1,WARREN,A,4
B4-1-5,48,112,50,412,410,178,B1,X,L,1,WARREN,A,5
B4-2-1,48,112,50,464,410,-30,B1,X,L,1,WARREN,A,1
B4-2-2,48,112,50,464,410,22,B1,X,L,1,WARREN,A,2
B4-2-3,48,112,50,464,410,74,B1,X,L,1,WARREN,A,3
B4-2-4,48,112,50,464,410,126,B1,X,L,1,WARREN,A,4
B4-2-5,48,112,50,464,410,178,B1,X,L,1,WARREN,A,5
B4-3-1,48,112,50,516,410,-30,B1,X,L,1,WARREN,A,1
B4-3-2,48,112,50,516,410,22,B1,X,L,1,WARREN,A,2
B4-3-3,48,112,50,516,410,74,B1,X,L,1,WARREN,A,3
B4-3-4,48,112,50,516,410,126,B1,X,L,1,WARREN,A,4
B4-3-5,48,112,50,516,410,178,B1,X,L,1,WARREN,A,5
B5-1-1-1,48,112,50,206,530,-30,B1,X,L,1,WARREN,A,1
B5-1-1-2,48,112,50,206,530,22,B1,X,L,1,WARREN,A,2
B5-1-1-3,48,112,50,206,530,74,B1,X,L,1,WARREN,A,3
B5-1-1-4,48,112,50,206,530,126,B1,X,L,1,WARREN,A,4
B5-1-1-5,48,112,50,206,530,178,B1,X,L,1,WARREN,A,5
B5-1-2-1,48,112,50,256,530,-30,B1,X,L,1,WARREN,A,1
B5-1-2-2,48,112,50,256,530,22,B1,X,L,1,WARREN,A,2
B5-1-2-3,48,112,50,256,530,74,B1,X,L,1,WARREN,A,3
B5-1-2-4,48,112,50,256,530,126,B1,X,L,1,WARREN,A,4
B5-1-2-5,48,112,50,256,530,178,B1,X,L,1,WARREN,A,5
B5-1-3-1,48,112,50,308,530,-30,B1,X,L,1,WARREN,A,1
B5-1-3-2,48,112,50,308,530,22,B1,X,L,1,WARREN,A,2
B5-1-3-3,48,112,50,308,530,74,B1,X,L,1,WARREN,A,3
B5-1-3-4,48,112,50,308,530,126,B1,X,L,1,WARREN,A,4
B5-1-3-5,48,112,50,308,530,178,B1,X,L,1,WARREN,A,5
B5-1-4-1,48,112,50,360,530,-30,B1,X,L,1,WARREN,A,1
B5-1-4-2,48,112,50,360,530,22,B1,X,L,1,WARREN,A,2
B5-1-4-3,48,112,50,360,530,74,B1,X,L,1,WARREN,A,3
B5-1-4-4,48,112,50,360,530,126,B1,X,L,1,WARREN,A,4
B5-1-4-5,48,112,50,360,530,178,B1,X,L,1,WARREN,A,5
B5-1-1,48,112,50,412,530,-30,B1,X,L,1,WARREN,A,1
B5-1-2,48,112,50,412,530,22,B1,X,L,1,WARREN,A,2
B5-1-3,48,112,50,412,530,74,B1,X,L,1,WARREN,A,3
B5-1-4,48,112,50,412,530,126,B1,X,L,1,WARREN,A,4
B5-1-5,48,112,50,412,530,178,B1,X,L,1,WARREN,A,5
B5-2-1,48,112,50,464,530,-30,B1,X,L,1,WARREN,A,1
B5-2-2,48,112,50,464,530,22,B1,X,L,1,WARREN,A,2
B5-2-3,48,112,50,464,530,74,B1,X,L,1,WARREN,A,3
B5-2-4,48,112,50,464,530,126,B1,X,L,1,WARREN,A,4
B5-2-5,48,112,50,464,530,178,B1,X,L,1,WARREN,A,5
B5-3-1,48,112,50,516,530,-30,B1,X,L,1,WARREN,A,1
B5-3-2,48,112,50,516,530,22,B1,X,L,1,WARREN,A,2
B5-3-3,48,112,50,516,530,74,B1,X,L,1,WARREN,A,3
B5-3-4,48,112,50,516,530,126,B1,X,L,1,WARREN,A,4
B5-3-5,48,112,50,516,530,178,B1,X,L,1,WARREN,A,5
B6-1-1-1,48,112,50,206,650,-30,B1,X,L,1,WARREN,A,1
B6-1-1-2,48,112,50,206,650,22,B1,X,L,1,WARREN,A,2
B6-1-1-3,48,112,50,206,650,74,B1,X,L,1,WARREN,A,3
B6-1-1-4,48,112,50,206,650,126,B1,X,L,1,WARREN,A,4
B6-1-1-5,48,112,50,206,650,178,B1,X,L,1,WARREN,A,5
B6-1-2-1,48,112,50,256,650,-30,B1,X,L,1,WARREN,A,1
B6-1-2-2,48,112,50,256,650,22,B1,X,L,1,WARREN,A,2
B6-1-2-3,48,112,50,256,650,74,B1,X,L,1,WARREN,A,3
B6-1-2-4,48,112,50,256,650,126,B1,X,L,1,WARREN,A,4
B6-1-2-5,48,112,50,256,650,178,B1,X,L,1,WARREN,A,5
B6-1-3-1,48,112,50,308,650,-30,B1,X,L,1,WARREN,A,1
B6-1-3-2,48,112,50,308,650,22,B1,X,L,1,WARREN,A,2
B6-1-3-3,48,112,50,308,650,74,B1,X,L,1,WARREN,A,3
B6-1-3-4,48,112,50,308,650,126,B1,X,L,1,WARREN,A,4
B6-1-3-5,48,112,50,308,650,178,B1,X,L,1,WARREN,A,5
B6-1-4-1,48,112,50,360,650,-30,B1,X,L,1,WARREN,A,1
B6-1-4-2,48,112,50,360,650,22,B1,X,L,1,WARREN,A,2
B6-1-4-3,48,112,50,360,650,74,B1,X,L,1,WARREN,A,3
B6-1-4-4,48,112,50,360,650,126,B1,X,L,1,WARREN,A,4
B6-1-4-5,48,112,50,360,650,178,B1,X,L,1,WARREN,A,5
B6-1-1,48,112,50,412,650,-30,B1,X,L,1,WARREN,A,1
B6-1-2,48,112,50,412,650,22,B1,X,L,1,WARREN,A,2
B6-1-3,48,112,50,412,650,74,B1,X,L,1,WARREN,A,3
B6-1-4,48,112,50,412,650,126,B1,X,L,1,WARREN,A,4
B6-1-5,48,112,50,412,650,178,B1,X,L,1,WARREN,A,5
B6-2-1,48,112,50,464,650,-30,B1,X,L,1,WARREN,A,1
B6-2-2,48,112,50,464,650,22,B1,X,L,1,WARREN,A,2
B6-2-3,48,112,50,464,650,74,B1,X,L,1,WARREN,A,3
B6-2-4,48,112,50,464,650,126,B1,X,L,1,WARREN,A,4
B6-2-5,48,112,50,464,650,178,B1,X,L,1,WARREN,A,5
B6-3-1,48,112,50,516,650,-30,B1,X,L,1,WARREN,A,1
B6-3-2,48,112,50,516,650,22,B1,X,L,1,WARREN,A,2
B6-3-3,48,112,50,516,650,74,B1,X,L,1,WARREN,A,3
B6-3-4,48,112,50,516,650,126,B1,X,L,1,WARREN,A,4
B6-3-5,48,112,50,516,650,178,B1,X,L,1,WARREN,A,5
B7-1-1-1,48,112,50,206,770,-30,B1,X,L,1,WARREN,A,1
B7-1-1-2,48,112,50,206,770,22,B1,X,L,1,WARREN,A,2
B7-1-1-3,48,112,50,206,770,74,B1,X,L,1,WARREN,A,3
B7-1-1-4,48,112,50,206,770,126,B1,X,L,1,WARREN,A,4
B7-1-1-5,48,112,50,206,770,178,B1,X,L,1,WARREN,A,5
B7-1-2-1,48,112,50,256,770,-30,B1,X,L,1,WARREN,A,1
B7-1-2-2,48,112,50,256,770,22,B1,X,L,1,WARREN,A,2
B7-1-2-3,48,112,50,256,770,74,B1,X,L,1,WARREN,A,3
B7-1-2-4,48,112,50,256,770,126,B1,X,L,1,WARREN,A,4
B7-1-2-5,48,112,50,256,770,178,B1,X,L,1,WARREN,A,5
B7-1-3-1,48,112,50,308,770,-30,B1,X,L,1,WARREN,A,1
B7-1-3-2,48,112,50,308,770,22,B1,X,L,1,WARREN,A,2
B7-1-3-3,48,112,50,308,770,74,B1,X,L,1,WARREN,A,3
B7-1-3-4,48,112,50,308,770,126,B1,X,L,1,WARREN,A,4
B7-1-3-5,48,112,50,308,770,178,B1,X,L,1,WARREN,A,5
B7-1-4-1,48,112,50,360,770,-30,B1,X,L,1,WARREN,A,1
B7-1-4-2,48,112,50,360,770,22,B1,X,L,1,WARREN,A,2
B7-1-4-3,48,112,50,360,770,74,B1,X,L,1,WARREN,A,3
B7-1-4-4,48,112,50,360,770,126,B1,X,L,1,WARREN,A,4
B7-1-4-5,48,112,50,360,770,178,B1,X,L,1,WARREN,A,5
B7-1-1,48,112,50,412,770,-30,B1,X,L,1,WARREN,A,1
B7-1-2,48,112,50,412,770,22,B1,X,L,1,WARREN,A,2
B7-1-3,48,112,50,412,770,74,B1,X,L,1,WARREN,A,3
B7-1-4,48,112,50,412,770,126,B1,X,L,1,WARREN,A,4
B7-1-5,48,112,50,412,770,178,B1,X,L,1,WARREN,A,5
B7-2-1,48,112,50,464,770,-30,B1,X,L,1,WARREN,A,1
B7-2-2,48,112,50,464,770,22,B1,X,L,1,WARREN,A,2
B7-2-3,48,112,50,464,770,74,B1,X,L,1,WARREN,A,3
B7-2-4,48,112,50,464,770,126,B1,X,L,1,WARREN,A,4
B7-2-5,48,112,50,464,770,178,B1,X,L,1,WARREN,A,5
B7-3-1,48,112,50,516,770,-30,B1,X,L,1,WARREN,A,1
B7-3-2,48,112,50,516,770,22,B1,X,L,1,WARREN,A,2
B7-3-3,48,112,50,516,770,74,B1,X,L,1,WARREN,A,3
B7-3-4,48,112,50,516,770,126,B1,X,L,1,WARREN,A,4
B7-3-5,48,112,50,516,770,178,B1,X,L,1,WARREN,A,5
B8-1-1-1,48,112,50,206,890,-30,B1,X,L,1,WARREN,A,1
B8-1-1-2,48,112,50,206,890,22,B1,X,L,1,WARREN,A,2
B8-1-1-3,48,112,50,206,890,74,B1,X,L,1,WARREN,A,3
B8-1-1-4,48,112,50,206,890,126,B1,X,L,1,WARREN,A,4
B8-1-1-5,48,112,50,206,890,178,B1,X,L,1,WARREN,A,5
B8-1-2-1,48,112,50,256,890,-30,B1,X,L,1,WARREN,A,1
B8-1-2-2,48,112,50,256,890,22,B1,X,L,1,WARREN,A,2
B8-1-2-3,48,112,50,256,890,74,B1,X,L,1,WARREN,A,3
B8-1-2-4,48,112,50,256,890,126,B1,X,L,1,WARREN,A,4
B8-1-2-5,48,112,50,256,890,178,B1,X,L,1,WARREN,A,5
B8-1-3-1,48,112,50,308,890,-30,B1,X,L,1,WARREN,A,1
B8-1-3-2,48,112,50,308,890,22,B1,X,L,1,WARREN,A,2
B8-1-3-3,48,112,50,308,890,74,B1,X,L,1,WARREN,A,3
B8-1-3-4,48,112,50,308,890,126,B1,X,L,1,WARREN,A,4
B8-1-3-5,48,112,50,308,890,178,B1,X,L,1,WARREN,A,5
B8-1-4-1,48,112,50,360,890,-30,B1,X,L,1,WARREN,A,1
B8-1-4-2,48,112,50,360,890,22,B1,X,L,1,WARREN,A,2
B8-1-4-3,48,112,50,360,890,74,B1,X,L,1,WARREN,A,3
B8-1-4-4,48,112,50,360,890,126,B1,X,L,1,WARREN,A,4
B8-1-4-5,48,112,50,360,890,178,B1,X,L,1,WARREN,A,5
B8-1-1,48,112,50,412,890,-30,B1,X,L,1,WARREN,A,1
B8-1-2,48,112,50,412,890,22,B1,X,L,1,WARREN,A,2
B8-1-3,48,112,50,412,890,74,B1,X,L,1,WARREN,A,3
B8-1-4,48,112,50,412,890,126,B1,X,L,1,WARREN,A,4
B8-1-5,48,112,50,412,890,178,B1,X,L,1,WARREN,A,5
B8-2-1,48,112,50,464,890,-30,B1,X,L,1,WARREN,A,1
B8-2-2,48,112,50,464,890,22,B1,X,L,1,WARREN,A,2
B8-2-3,48,112,50,464,890,74,B1,X,L,1,WARREN,A,3
B8-2-4,48,112,50,464,890,126,B1,X,L,1,WARREN,A,4
B8-2-5,48,112,50,464,890,178,B1,X,L,1,WARREN,A,5
B8-3-1,48,112,50,516,890,-30,B1,X,L,1,WARREN,A,1
B8-3-2,48,112,50,516,890,22,B1,X,L,1,WARREN,A,2
B8-3-3,48,112,50,516,890,74,B1,X,L,1,WARREN,A,3
B8-3-4,48,112,50,516,890,126,B1,X,L,1,WARREN,A,4
B8-3-5,48,112,50,516,890,178,B1,X,L,1,WARREN,A,5
B9-1-1-1,48,112,50,206,1010,-30,B1,X,L,1,WARREN,A,1
B9-1-1-2,48,112,50,206,1010,22,B1,X,L,1,WARREN,A,2
B9-1-1-3,48,112,50,206,1010,74,B1,X,L,1,WARREN,A,3
B9-1-1-4,48,112,50,206,1010,126,B1,X,L,1,WARREN,A,4
B9-1-1-5,48,112,50,206,1010,178,B1,X,L,1,WARREN,A,5
B9-1-2-1,48,112,50,256,1010,-30,B1,X,L,1,WARREN,A,1
B9-1-2-2,48,112,50,256,1010,22,B1,X,L,1,WARREN,A,2
B9-1-2-3,48,112,50,256,1010,74,B1,X,L,1,WARREN,A,3
B9-1-2-4,48,112,50,256,1010,126,B1,X,L,1,WARREN,A,4
B9-1-2-5,48,112,50,256,1010,178,B1,X,L,1,WARREN,A,5
B9-1-3-1,48,112,50,308,1010,-30,B1,X,L,1,WARREN,A,1
B9-1-3-2,48,112,50,308,1010,22,B1,X,L,1,WARREN,A,2
B9-1-3-3,48,112,50,308,1010,74,B1,X,L,1,WARREN,A,3
B9-1-3-4,48,112,50,308,1010,126,B1,X,L,1,WARREN,A,4
B9-1-3-5,48,112,50,308,1010,178,B1,X,L,1,WARREN,A,5
B9-1-1,48,112,50,360,1010,-30,B1,X,L,1,WARREN,A,1
B9-1-2,48,112,50,360,1010,22,B1,X,L,1,WARREN,A,2
B9-1-3,48,112,50,360,1010,74,B1,X,L,1,WARREN,A,3
B9-1-4,48,112,50,360,1010,126,B1,X,L,1,WARREN,A,4
B9-1-5,48,112,50,360,1010,178,B1,X,L,1,WARREN,A,5
B9-2-1,48,112,50,412,1010,-30,B1,X,L,1,WARREN,A,1
B9-2-2,48,112,50,412,1010,22,B1,X,L,1,WARREN,A,2
B9-2-3,48,112,50,412,1010,74,B1,X,L,1,WARREN,A,3
B9-2-4,48,112,50,412,1010,126,B1,X,L,1,WARREN,A,4
B9-2-5,48,112,50,412,1010,178,B1,X,L,1,WARREN,A,5
B9-3-1,48,112,50,464,1010,-30,B1,X,L,1,WARREN,A,1
B9-3-2,48,112,50,464,1010,22,B1,X,L,1,WARREN,A,2
B9-3-3,48,112,50,464,1010,74,B1,X,L,1,WARREN,A,3
B9-3-4,48,112,50,464,1010,126,B1,X,L,1,WARREN,A,4
B9-3-5,48,112,50,464,1010,178,B1,X,L,1,WARREN,A,5
B10-1-1-1,48,112,50,206,1130,-30,B1,X,L,1,WARREN,A,1
B10-1-1-2,48,112,50,206,1130,22,B1,X,L,1,WARREN,A,2
B10-1-1-3,48,112,50,206,1130,74,B1,X,L,1,WARREN,A,3
B10-1-1-4,48,112,50,206,1130,126,B1,X,L,1,WARREN,A,4
B10-1-1-5,48,112,50,206,1130,178,B1,X,L,1,WARREN,A,5
B10-1-2-1,48,112,50,256,1130,-30,B1,X,L,1,WARREN,A,1
B10-1-2-2,48,112,50,256,1130,22,B1,X,L,1,WARREN,A,2
B10-1-2-3,48,112,50,256,1130,74,B1,X,L,1,WARREN,A,3
B10-1-2-4,48,112,50,256,1130,126,B1,X,L,1,WARREN,A,4
B10-1-2-5,48,112,50,256,1130,178,B1,X,L,1,WARREN,A,5
B10-1-3-1,48,112,50,308,1130,-30,B1,X,L,1,WARREN,A,1
B10-1-3-2,48,112,50,308,1130,22,B1,X,L,1,WARREN,A,2
B10-1-3-3,48,112,50,308,1130,74,B1,X,L,1,WARREN,A,3
B10-1-3-4,48,112,50,308,1130,126,B1,X,L,1,WARREN,A,4
B10-1-3-5,48,112,50,308,1130,178,B1,X,L,1,WARREN,A,5
B10-1-1,48,112,50,360,1130,-30,B1,X,L,1,WARREN,A,1
B10-1-2,48,112,50,360,1130,22,B1,X,L,1,WARREN,A,2
B10-1-3,48,112,50,360,1130,74,B1,X,L,1,WARREN,A,3
B10-1-4,48,112,50,360,1130,126,B1,X,L,1,WARREN,A,4
B10-1-5,48,112,50,360,1130,178,B1,X,L,1,WARREN,A,5
B10-2-1,48,112,50,412,1130,-30,B1,X,L,1,WARREN,A,1
B10-2-2,48,112,50,412,1130,22,B1,X,L,1,WARREN,A,2
B10-2-3,48,112,50,412,1130,74,B1,X,L,1,WARREN,A,3
B10-2-4,48,112,50,412,1130,126,B1,X,L,1,WARREN,A,4
B10-2-5,48,112,50,412,1130,178,B1,X,L,1,WARREN,A,5
B10-3-1,48,112,50,464,1130,-30,B1,X,L,1,WARREN,A,1
B10-3-2,48,112,50,464,1130,22,B1,X,L,1,WARREN,A,2
B10-3-3,48,112,50,464,1130,74,B1,X,L,1,WARREN,A,3
B10-3-4,48,112,50,464,1130,126,B1,X,L,1,WARREN,A,4
B10-3-5,48,112,50,464,1130,178,B1,X,L,1,WARREN,A,5
B11-1-1-1,48,112,50,206,1250,-30,B1,X,L,1,WARREN,A,1
B11-1-1-2,48,112,50,206,1250,22,B1,X,L,1,WARREN,A,2
B11-1-1-3,48,112,50,206,1250,74,B1,X,L,1,WARREN,A,3
B11-1-1-4,48,112,50,206,1250,126,B1,X,L,1,WARREN,A,4
B11-1-1-5,48,112,50,206,1250,178,B1,X,L,1,WARREN,A,5
B11-1-2-1,48,112,50,256,1250,-30,B1,X,L,1,WARREN,A,1
B11-1-2-2,48,112,50,256,1250,22,B1,X,L,1,WARREN,A,2
B11-1-2-3,48,112,50,256,1250,74,B1,X,L,1,WARREN,A,3
B11-1-2-4,48,112,50,256,1250,126,B1,X,L,1,WARREN,A,4
B11-1-2-5,48,112,50,256,1250,178,B1,X,L,1,WARREN,A,5
B11-1-3-1,48,112,50,308,1250,-30,B1,X,L,1,WARREN,A,1
B11-1-3-2,48,112,50,308,1250,22,B1,X,L,1,WARREN,A,2
B11-1-3-3,48,112,50,308,1250,74,B1,X,L,1,WARREN,A,3
B11-1-3-4,48,112,50,308,1250,126,B1,X,L,1,WARREN,A,4
B11-1-3-5,48,112,50,308,1250,178,B1,X,L,1,WARREN,A,5
B11-1-1,48,112,50,360,1250,-30,B1,X,L,1,WARREN,A,1
B11-1-2,48,112,50,360,1250,22,B1,X,L,1,WARREN,A,2
B11-1-3,48,112,50,360,1250,74,B1,X,L,1,WARREN,A,3
B11-1-4,48,112,50,360,1250,126,B1,X,L,1,WARREN,A,4
B11-1-5,48,112,50,360,1250,178,B1,X,L,1,WARREN,A,5
B11-2-1,48,112,50,412,1250,-30,B1,X,L,1,WARREN,A,1
B11-2-2,48,112,50,412,1250,22,B1,X,L,1,WARREN,A,2
B11-2-3,48,112,50,412,1250,74,B1,X,L,1,WARREN,A,3
B11-2-4,48,112,50,412,1250,126,B1,X,L,1,WARREN,A,4
B11-2-5,48,112,50,412,1250,178,B1,X,L,1,WARREN,A,5
B11-3-1,48,112,50,464,1250,-30,B1,X,L,1,WARREN,A,1
B11-3-2,48,112,50,464,1250,22,B1,X,L,1,WARREN,A,2
B11-3-3,48,112,50,464,1250,74,B1,X,L,1,WARREN,A,3
B11-3-4,48,112,50,464,1250,126,B1,X,L,1,WARREN,A,4
B11-3-5,48,112,50,464,1250,178,B1,X,L,1,WARREN,A,5
B12-1-1-1,48,112,50,206,1370,-30,B1,X,L,1,WARREN,A,1
B12-1-1-2,48,112,50,206,1370,22,B1,X,L,1,WARREN,A,2
B12-1-1-3,48,112,50,206,1370,74,B1,X,L,1,WARREN,A,3
B12-1-1-4,48,112,50,206,1370,126,B1,X,L,1,WARREN,A,4
B12-1-1-5,48,112,50,206,1370,178,B1,X,L,1,WARREN,A,5
B12-1-2-1,48,112,50,256,1370,-30,B1,X,L,1,WARREN,A,1
B12-1-2-2,48,112,50,256,1370,22,B1,X,L,1,WARREN,A,2
B12-1-2-3,48,112,50,256,1370,74,B1,X,L,1,WARREN,A,3
B12-1-2-4,48,112,50,256,1370,126,B1,X,L,1,WARREN,A,4
B12-1-2-5,48,112,50,256,1370,178,B1,X,L,1,WARREN,A,5
B12-1-3-1,48,112,50,308,1370,-30,B1,X,L,1,WARREN,A,1
B12-1-3-2,48,112,50,308,1370,22,B1,X,L,1,WARREN,A,2
B12-1-3-3,48,112,50,308,1370,74,B1,X,L,1,WARREN,A,3
B12-1-3-4,48,112,50,308,1370,126,B1,X,L,1,WARREN,A,4
B12-1-3-5,48,112,50,308,1370,178,B1,X,L,1,WARREN,A,5
B12-1-1,48,112,50,360,1370,-30,B1,X,L,1,WARREN,A,1
B12-1-2,48,112,50,360,1370,22,B1,X,L,1,WARREN,A,2
B12-1-3,48,112,50,360,1370,74,B1,X,L,1,WARREN,A,3
B12-1-4,48,112,50,360,1370,126,B1,X,L,1,WARREN,A,4
B12-1-5,48,112,50,360,1370,178,B1,X,L,1,WARREN,A,5
B12-2-1,48,112,50,412,1370,-30,B1,X,L,1,WARREN,A,1
B12-2-2,48,112,50,412,1370,22,B1,X,L,1,WARREN,A,2
B12-2-3,48,112,50,412,1370,74,B1,X,L,1,WARREN,A,3
B12-2-4,48,112,50,412,1370,126,B1,X,L,1,WARREN,A,4
B12-2-5,48,112,50,412,1370,178,B1,X,L,1,WARREN,A,5
B12-3-1,48,112,50,464,1370,-30,B1,X,L,1,WARREN,A,1
B12-3-2,48,112,50,464,1370,22,B1,X,L,1,WARREN,A,2
B12-3-3,48,112,50,464,1370,74,B1,X,L,1,WARREN,A,3
B12-3-4,48,112,50,464,1370,126,B1,X,L,1,WARREN,A,4
B12-3-5,48,112,50,464,1370,178,B1,X,L,1,WARREN,A,5
B13-1-1-1,48,112,50,206,1490,-30,B1,X,L,1,WARREN,A,1
B13-1-1-2,48,112,50,206,1490,22,B1,X,L,1,WARREN,A,2
B13-1-1-3,48,112,50,206,1490,74,B1,X,L,1,WARREN,A,3
B13-1-1-4,48,112,50,206,1490,126,B1,X,L,1,WARREN,A,4
B13-1-1-5,48,112,50,206,1490,178,B1,X,L,1,WARREN,A,5
B13-1-2-1,48,112,50,256,1490,-30,B1,X,L,1,WARREN,A,1
B13-1-2-2,48,112,50,256,1490,22,B1,X,L,1,WARREN,A,2
B13-1-2-3,48,112,50,256,1490,74,B1,X,L,1,WARREN,A,3
B13-1-2-4,48,112,50,256,1490,126,B1,X,L,1,WARREN,A,4
B13-1-2-5,48,112,50,256,1490,178,B1,X,L,1,WARREN,A,5
B13-1-3-1,48,112,50,308,1490,-30,B1,X,L,1,WARREN,A,1
B13-1-3-2,48,112,50,308,1490,22,B1,X,L,1,WARREN,A,2
B13-1-3-3,48,112,50,308,1490,74,B1,X,L,1,WARREN,A,3
B13-1-3-4,48,112,50,308,1490,126,B1,X,L,1,WARREN,A,4
B13-1-3-5,48,112,50,308,1490,178,B1,X,L,1,WARREN,A,5
B13-1-1,48,112,50,360,1490,-30,B1,X,L,1,WARREN,A,1
B13-1-2,48,112,50,360,1490,22,B1,X,L,1,WARREN,A,2
B13-1-3,48,112,50,360,1490,74,B1,X,L,1,WARREN,A,3
B13-1-4,48,112,50,360,1490,126,B1,X,L,1,WARREN,A,4
B13-1-5,48,112,50,360,1490,178,B1,X,L,1,WARREN,A,5
B13-2-1,48,112,50,412,1490,-30,B1,X,L,1,WARREN,A,1
B13-2-2,48,112,50,412,1490,22,B1,X,L,1,WARREN,A,2
B13-2-3,48,112,50,412,1490,74,B1,X,L,1,WARREN,A,3
B13-2-4,48,112,50,412,1490,126,B1,X,L,1,WARREN,A,4
B13-2-5,48,112,50,412,1490,178,B1,X,L,1,WARREN,A,5
B13-3-1,48,112,50,464,1490,-30,B1,X,L,1,WARREN,A,1
B13-3-2,48,112,50,464,1490,22,B1,X,L,1,WARREN,A,2
B13-3-3,48,112,50,464,1490,74,B1,X,L,1,WARREN,A,3
B13-3-4,48,112,50,464,1490,126,B1,X,L,1,WARREN,A,4
B13-3-5,48,112,50,464,1490,178,B1,X,L,1,WARREN,A,5
B14-1-1-1,48,112,50,206,1610,-30,B1,X,L,1,WARREN,A,1
B14-1-1-2,48,112,50,206,1610,22,B1,X,L,1,WARREN,A,2
B14-1-1-3,48,112,50,206,1610,74,B1,X,L,1,WARREN,A,3
B14-1-1-4,48,112,50,206,1610,126,B1,X,L,1,WARREN,A,4
B14-1-1-5,48,112,50,206,1610,178,B1,X,L,1,WARREN,A,5
B14-1-2-1,48,112,50,256,1610,-30,B1,X,L,1,WARREN,A,1
B14-1-2-2,48,112,50,256,1610,22,B1,X,L,1,WARREN,A,2
B14-1-2-3,48,112,50,256,1610,74,B1,X,L,1,WARREN,A,3
B14-1-2-4,48,112,50,256,1610,126,B1,X,L,1,WARREN,A,4
B14-1-2-5,48,112,50,256,1610,178,B1,X,L,1,WARREN,A,5
B14-1-3-1,48,112,50,308,1610,-30,B1,X,L,1,WARREN,A,1
B14-1-3-2,48,112,50,308,1610,22,B1,X,L,1,WARREN,A,2
B14-1-3-3,48,112,50,308,1610,74,B1,X,L,1,WARREN,A,3
B14-1-3-4,48,112,50,308,1610,126,B1,X,L,1,WARREN,A,4
B14-1-3-5,48,112,50,308,1610,178,B1,X,L,1,WARREN,A,5
B14-1-1,48,112,50,360,1610,-30,B1,X,L,1,WARREN,A,1
B14-1-2,48,112,50,360,1610,22,B1,X,L,1,WARREN,A,2
B14-1-3,48,112,50,360,1610,74,B1,X,L,1,WARREN,A,3
B14-1-4,48,112,50,360,1610,126,B1,X,L,1,WARREN,A,4
B14-1-5,48,112,50,360,1610,178,B1,X,L,1,WARREN,A,5
B14-2-1,48,112,50,412,1610,-30,B1,X,L,1,WARREN,A,1
B14-2-2,48,112,50,412,1610,22,B1,X,L,1,WARREN,A,2
B14-2-3,48,112,50,412,1610,74,B1,X,L,1,WARREN,A,3
B14-2-4,48,112,50,412,1610,126,B1,X,L,1,WARREN,A,4
B14-2-5,48,112,50,412,1610,178,B1,X,L,1,WARREN,A,5
B14-3-1,48,112,50,464,1610,-30,B1,X,L,1,WARREN,A,1
B14-3-2,48,112,50,464,1610,22,B1,X,L,1,WARREN,A,2
B14-3-3,48,112,50,464,1610,74,B1,X,L,1,WARREN,A,3
B14-3-4,48,112,50,464,1610,126,B1,X,L,1,WARREN,A,4
B14-3-5,48,112,50,464,1610,178,B1,X,L,1,WARREN,A,5
B15-1-1-1,48,112,50,206,1730,-30,B1,X,L,1,WARREN,A,1
B15-1-1-2,48,112,50,206,1730,22,B1,X,L,1,WARREN,A,2
B15-1-1-3,48,112,50,206,1730,74,B1,X,L,1,WARREN,A,3
B15-1-1-4,48,112,50,206,1730,126,B1,X,L,1,WARREN,A,4
B15-1-1-5,48,112,50,206,1730,178,B1,X,L,1,WARREN,A,5
B15-1-2-1,48,112,50,256,1730,-30,B1,X,L,1,WARREN,A,1
B15-1-2-2,48,112,50,256,1730,22,B1,X,L,1,WARREN,A,2
B15-1-2-3,48,112,50,256,1730,74,B1,X,L,1,WARREN,A,3
B15-1-2-4,48,112,50,256,1730,126,B1,X,L,1,WARREN,A,4
B15-1-2-5,48,112,50,256,1730,178,B1,X,L,1,WARREN,A,5
B15-1-3-1,48,112,50,308,1730,-30,B1,X,L,1,WARREN,A,1
B15-1-3-2,48,112,50,308,1730,22,B1,X,L,1,WARREN,A,2
B15-1-3-3,48,112,50,308,1730,74,B1,X,L,1,WARREN,A,3
B15-1-3-4,48,112,50,308,1730,126,B1,X,L,1,WARREN,A,4
B15-1-3-5,48,112,50,308,1730,178,B1,X,L,1,WARREN,A,5
B15-1-1,48,112,50,360,1730,-30,B1,X,L,1,WARREN,A,1
B15-1-2,48,112,50,360,1730,22,B1,X,L,1,WARREN,A,2
B15-1-3,48,112,50,360,1730,74,B1,X,L,1,WARREN,A,3
B15-1-4,48,112,50,360,1730,126,B1,X,L,1,WARREN,A,4
B15-1-5,48,112,50,360,1730,178,B1,X,L,1,WARREN,A,5
B15-2-1,48,112,50,412,1730,-30,B1,X,L,1,WARREN,A,1
B15-2-2,48,112,50,412,1730,22,B1,X,L,1,WARREN,A,2
B15-2-3,48,112,50,412,1730,74,B1,X,L,1,WARREN,A,3
B15-2-4,48,112,50,412,1730,126,B1,X,L,1,WARREN,A,4
B15-2-5,48,112,50,412,1730,178,B1,X,L,1,WARREN,A,5
B15-3-1,48,112,50,464,1730,-30,B1,X,L,1,WARREN,A,1
B15-3-2,48,112,50,464,1730,22,B1,X,L,1,WARREN,A,2
B15-3-3,48,112,50,464,1730,74,B1,X,L,1,WARREN,A,3
B15-3-4,48,112,50,464,1730,126,B1,X,L,1,WARREN,A,4
B15-3-5,48,112,50,464,1730,178,B1,X,L,1,WARREN,A,5
B16-1-1-1,48,112,50,206,1850,-30,B1,X,L,1,WARREN,A,1
B16-1-1-2,48,112,50,206,1850,22,B1,X,L,1,WARREN,A,2
B16-1-1-3,48,112,50,206,1850,74,B1,X,L,1,WARREN,A,3
B16-1-1-4,48,112,50,206,1850,126,B1,X,L,1,WARREN,A,4
B16-1-1-5,48,112,50,206,1850,178,B1,X,L,1,WARREN,A,5
B16-1-2-1,48,112,50,256,1850,-30,B1,X,L,1,WARREN,A,1
B16-1-2-2,48,112,50,256,1850,22,B1,X,L,1,WARREN,A,2
B16-1-2-3,48,112,50,256,1850,74,B1,X,L,1,WARREN,A,3
B16-1-2-4,48,112,50,256,1850,126,B1,X,L,1,WARREN,A,4
B16-1-2-5,48,112,50,256,1850,178,B1,X,L,1,WARREN,A,5
B16-1-3-1,48,112,50,308,1850,-30,B1,X,L,1,WARREN,A,1
B16-1-3-2,48,112,50,308,1850,22,B1,X,L,1,WARREN,A,2
B16-1-3-3,48,112,50,308,1850,74,B1,X,L,1,WARREN,A,3
B16-1-3-4,48,112,50,308,1850,126,B1,X,L,1,WARREN,A,4
B16-1-3-5,48,112,50,308,1850,178,B1,X,L,1,WARREN,A,5
B16-1-1,48,112,50,360,1850,-30,B1,X,L,1,WARREN,A,1
B16-1-2,48,112,50,360,1850,22,B1,X,L,1,WARREN,A,2
B16-1-3,48,112,50,360,1850,74,B1,X,L,1,WARREN,A,3
B16-1-4,48,112,50,360,1850,126,B1,X,L,1,WARREN,A,4
B16-1-5,48,112,50,360,1850,178,B1,X,L,1,WARREN,A,5
B16-2-1,48,112,50,412,1850,-30,B1,X,L,1,WARREN,A,1
B16-2-2,48,112,50,412,1850,22,B1,X,L,1,WARREN,A,2
B16-2-3,48,112,50,412,1850,74,B1,X,L,1,WARREN,A,3
B16-2-4,48,112,50,412,1850,126,B1,X,L,1,WARREN,A,4
B16-2-5,48,112,50,412,1850,178,B1,X,L,1,WARREN,A,5
B16-3-1,48,112,50,464,1850,-30,B1,X,L,1,WARREN,A,1
B16-3-2,48,112,50,464,1850,22,B1,X,L,1,WARREN,A,2
B16-3-3,48,112,50,464,1850,74,B1,X,L,1,WARREN,A,3
B16-3-4,48,112,50,464,1850,126,B1,X,L,1,WARREN,A,4
B16-3-5,48,112,50,464,1850,178,B1,X,L,1,WARREN,A,5
B19-1-1,102,48,50,282,1940,0,B1,X,L,1,WARREN,A,1
B19-1-2,102,48,50,282,1940,52,B2,X,L,1,WARREN,A,2
B19-1-3,102,48,50,282,1940,104,B3,X,L,1,WARREN,A,3
B19-1-4,102,48,50,282,1940,156,B4,X,L,1,WARREN,A,4
B19-1-5,102,48,50,282,1940,208,B5,X,L,1,WARREN,A,5
B19-2-1,102,48,50,282,1990,0,B1,X,L,1,WARREN,A,1
B19-2-2,102,48,50,282,1990,52,B2,X,L,1,WARREN,A,2
B19-2-3,102,48,50,282,1990,104,B3,X,L,1,WARREN,A,3
B19-2-4,102,48,50,282,1990,156,B4,X,L,1,WARREN,A,4
B19-2-5,102,48,50,282,1990,208,B5,X,L,1,WARREN,A,5
B18-1-1,102,48,50,390,1940,0,B1,X,L,1,WARREN,A,1
B18-1-2,102,48,50,390,1940,52,B2,X,L,1,WARREN,A,2
B18-1-3,102,48,50,390,1940,104,B3,X,L,1,WARREN,A,3
B18-1-4,102,48,50,390,1940,156,B4,X,L,1,WARREN,A,4
B18-1-5,102,48,50,390,1940,208,B5,X,L,1,WARREN,A,5
B18-2-1,102,48,50,390,1990,0,B1,X,L,1,WARREN,A,1
B18-2-2,102,48,50,390,1990,52,B2,X,L,1,WARREN,A,2
B18-2-3,102,48,50,390,1990,104,B3,X,L,1,WARREN,A,3
B18-2-4,102,48,50,390,1990,156,B4,X,L,1,WARREN,A,4
B18-2-5,102,48,50,390,1990,208,B5,X,L,1,WARREN,A,5
B17-1-1,48,112,50,470,1970,-30,B1,X,L,1,WARREN,A,1
B17-1-2,48,112,50,470,1970,22,B1,X,L,1,WARREN,A,2
B20-1-1,48,112,50,206,1970,-30,B1,X,L,1,WARREN,A,1
A3-1-1,48,112,50,750,290,-30,B1,X,L,1,WARREN,A,1
A3-1-2,48,112,50,750,290,22,B1,X,L,1,WARREN,A,2
A3-1-3,48,112,50,750,290,74,B1,X,L,1,WARREN,A,3
A3-1-4,48,112,50,750,290,126,B1,X,L,1,WARREN,A,4
A3-1-5,48,112,50,750,290,178,B1,X,L,1,WARREN,A,5
A3-2-1,48,112,50,802,290,-30,B1,X,L,1,WARREN,A,1
A3-2-2,48,112,50,802,290,22,B1,X,L,1,WARREN,A,2
A3-2-3,48,112,50,802,290,74,B1,X,L,1,WARREN,A,3
A3-2-4,48,112,50,802,290,126,B1,X,L,1,WARREN,A,4
A3-2-5,48,112,50,802,290,178,B1,X,L,1,WARREN,A,5
A3-3-1,48,112,50,854,290,-30,B1,X,L,1,WARREN,A,1
A3-3-2,48,112,50,854,290,22,B1,X,L,1,WARREN,A,2
A3-3-3,48,112,50,854,290,74,B1,X,L,1,WARREN,A,3
A3-3-4,48,112,50,854,290,126,B1,X,L,1,WARREN,A,4
A3-3-5,48,112,50,854,290,178,B1,X,L,1,WARREN,A,5
A3-4-1,48,112,50,906,290,-30,B1,X,L,1,WARREN,A,1
A3-4-2,48,112,50,906,290,22,B1,X,L,1,WARREN,A,2
A3-4-3,48,112,50,906,290,74,B1,X,L,1,WARREN,A,3
A3-4-4,48,112,50,906,290,126,B1,X,L,1,WARREN,A,4
A3-4-5,48,112,50,906,290,178,B1,X,L,1,WARREN,A,5
A3-5-1,48,112,50,958,290,-30,B1,X,L,1,WARREN,A,1
A3-5-2,48,112,50,958,290,22,B1,X,L,1,WARREN,A,2
A3-5-3,48,112,50,958,290,74,B1,X,L,1,WARREN,A,3
A3-5-4,48,112,50,958,290,126,B1,X,L,1,WARREN,A,4
A3-5-5,48,112,50,958,290,178,B1,X,L,1,WARREN,A,5
A4-1-1,48,112,50,750,410,-30,B1,X,L,1,WARREN,A,1
A4-1-2,48,112,50,750,410,22,B1,X,L,1,WARREN,A,2
A4-1-3,48,112,50,750,410,74,B1,X,L,1,WARREN,A,3
A4-1-4,48,112,50,750,410,126,B1,X,L,1,WARREN,A,4
A4-1-5,48,112,50,750,410,178,B1,X,L,1,WARREN,A,5
A4-2-1,48,112,50,802,410,-30,B1,X,L,1,WARREN,A,1
A4-2-2,48,112,50,802,410,22,B1,X,L,1,WARREN,A,2
A4-2-3,48,112,50,802,410,74,B1,X,L,1,WARREN,A,3
A4-2-4,48,112,50,802,410,126,B1,X,L,1,WARREN,A,4
A4-2-5,48,112,50,802,410,178,B1,X,L,1,WARREN,A,5
A4-3-1,48,112,50,854,410,-30,B1,X,L,1,WARREN,A,1
A4-3-2,48,112,50,854,410,22,B1,X,L,1,WARREN,A,2
A4-3-3,48,112,50,854,410,74,B1,X,L,1,WARREN,A,3
A4-3-4,48,112,50,854,410,126,B1,X,L,1,WARREN,A,4
A4-3-5,48,112,50,854,410,178,B1,X,L,1,WARREN,A,5
A4-4-1,48,112,50,906,410,-30,B1,X,L,1,WARREN,A,1
A4-4-2,48,112,50,906,410,22,B1,X,L,1,WARREN,A,2
A4-4-3,48,112,50,906,410,74,B1,X,L,1,WARREN,A,3
A4-4-4,48,112,50,906,410,126,B1,X,L,1,WARREN,A,4
A4-4-5,48,112,50,906,410,178,B1,X,L,1,WARREN,A,5
A4-5-1,48,112,50,958,410,-30,B1,X,L,1,WARREN,A,1
A4-5-2,48,112,50,958,410,22,B1,X,L,1,WARREN,A,2
A4-5-3,48,112,50,958,410,74,B1,X,L,1,WARREN,A,3
A4-5-4,48,112,50,958,410,126,B1,X,L,1,WARREN,A,4
A4-5-5,48,112,50,958,410,178,B1,X,L,1,WARREN,A,5
A5-1-1,48,112,50,750,530,-30,B1,X,L,1,WARREN,A,1
A5-1-2,48,112,50,750,530,22,B1,X,L,1,WARREN,A,2
A5-1-3,48,112,50,750,530,74,B1,X,L,1,WARREN,A,3
A5-1-4,48,112,50,750,530,126,B1,X,L,1,WARREN,A,4
A5-1-5,48,112,50,750,530,178,B1,X,L,1,WARREN,A,5
A5-2-1,48,112,50,802,530,-30,B1,X,L,1,WARREN,A,1
A5-2-2,48,112,50,802,530,22,B1,X,L,1,WARREN,A,2
A5-2-3,48,112,50,802,530,74,B1,X,L,1,WARREN,A,3
A5-2-4,48,112,50,802,530,126,B1,X,L,1,WARREN,A,4
A5-2-5,48,112,50,802,530,178,B1,X,L,1,WARREN,A,5
A5-3-1,48,112,50,854,530,-30,B1,X,L,1,WARREN,A,1
A5-3-2,48,112,50,854,530,22,B1,X,L,1,WARREN,A,2
A5-3-3,48,112,50,854,530,74,B1,X,L,1,WARREN,A,3
A5-3-4,48,112,50,854,530,126,B1,X,L,1,WARREN,A,4
A5-3-5,48,112,50,854,530,178,B1,X,L,1,WARREN,A,5
A5-4-1,48,112,50,906,530,-30,B1,X,L,1,WARREN,A,1
A5-4-2,48,112,50,906,530,22,B1,X,L,1,WARREN,A,2
A5-4-3,48,112,50,906,530,74,B1,X,L,1,WARREN,A,3
A5-4-4,48,112,50,906,530,126,B1,X,L,1,WARREN,A,4
A5-4-5,48,112,50,906,530,178,B1,X,L,1,WARREN,A,5
A5-5-1,48,112,50,958,530,-30,B1,X,L,1,WARREN,A,1
A5-5-2,48,112,50,958,530,22,B1,X,L,1,WARREN,A,2
A5-5-3,48,112,50,958,530,74,B1,X,L,1,WARREN,A,3
A5-5-4,48,112,50,958,530,126,B1,X,L,1,WARREN,A,4
A5-5-5,48,112,50,958,530,178,B1,X,L,1,WARREN,A,5
A6-1-1,48,112,50,750,650,-30,B1,X,L,1,WARREN,A,1
A6-1-2,48,112,50,750,650,22,B1,X,L,1,WARREN,A,2
A6-1-3,48,112,50,750,650,74,B1,X,L,1,WARREN,A,3
A6-1-4,48,112,50,750,650,126,B1,X,L,1,WARREN,A,4
A6-1-5,48,112,50,750,650,178,B1,X,L,1,WARREN,A,5
A6-2-1,48,112,50,802,650,-30,B1,X,L,1,WARREN,A,1
A6-2-2,48,112,50,802,650,22,B1,X,L,1,WARREN,A,2
A6-2-3,48,112,50,802,650,74,B1,X,L,1,WARREN,A,3
A6-2-4,48,112,50,802,650,126,B1,X,L,1,WARREN,A,4
A6-2-5,48,112,50,802,650,178,B1,X,L,1,WARREN,A,5
A6-3-1,48,112,50,854,650,-30,B1,X,L,1,WARREN,A,1
A6-3-2,48,112,50,854,650,22,B1,X,L,1,WARREN,A,2
A6-3-3,48,112,50,854,650,74,B1,X,L,1,WARREN,A,3
A6-3-4,48,112,50,854,650,126,B1,X,L,1,WARREN,A,4
A6-3-5,48,112,50,854,650,178,B1,X,L,1,WARREN,A,5
A6-4-1,48,112,50,906,650,-30,B1,X,L,1,WARREN,A,1
A6-4-2,48,112,50,906,650,22,B1,X,L,1,WARREN,A,2
A6-4-3,48,112,50,906,650,74,B1,X,L,1,WARREN,A,3
A6-4-4,48,112,50,906,650,126,B1,X,L,1,WARREN,A,4
A6-4-5,48,112,50,906,650,178,B1,X,L,1,WARREN,A,5
A6-5-1,48,112,50,958,650,-30,B1,X,L,1,WARREN,A,1
A6-5-2,48,112,50,958,650,22,B1,X,L,1,WARREN,A,2
A6-5-3,48,112,50,958,650,74,B1,X,L,1,WARREN,A,3
A6-5-4,48,112,50,958,650,126,B1,X,L,1,WARREN,A,4
A6-5-5,48,112,50,958,650,178,B1,X,L,1,WARREN,A,5
A7-1-1,48,112,50,750,770,-30,B1,X,L,1,WARREN,A,1
A7-1-2,48,112,50,750,770,22,B1,X,L,1,WARREN,A,2
A7-1-3,48,112,50,750,770,74,B1,X,L,1,WARREN,A,3
A7-1-4,48,112,50,750,770,126,B1,X,L,1,WARREN,A,4
A7-1-5,48,112,50,750,770,178,B1,X,L,1,WARREN,A,5
A7-2-1,48,112,50,802,770,-30,B1,X,L,1,WARREN,A,1
A7-2-2,48,112,50,802,770,22,B1,X,L,1,WARREN,A,2
A7-2-3,48,112,50,802,770,74,B1,X,L,1,WARREN,A,3
A7-2-4,48,112,50,802,770,126,B1,X,L,1,WARREN,A,4
A7-2-5,48,112,50,802,770,178,B1,X,L,1,WARREN,A,5
A7-3-1,48,112,50,854,770,-30,B1,X,L,1,WARREN,A,1
A7-3-2,48,112,50,854,770,22,B1,X,L,1,WARREN,A,2
A7-3-3,48,112,50,854,770,74,B1,X,L,1,WARREN,A,3
A7-3-4,48,112,50,854,770,126,B1,X,L,1,WARREN,A,4
A7-3-5,48,112,50,854,770,178,B1,X,L,1,WARREN,A,5
A7-4-1,48,112,50,906,770,-30,B1,X,L,1,WARREN,A,1
A7-4-2,48,112,50,906,770,22,B1,X,L,1,WARREN,A,2
A7-4-3,48,112,50,906,770,74,B1,X,L,1,WARREN,A,3
A7-4-4,48,112,50,906,770,126,B1,X,L,1,WARREN,A,4
A7-4-5,48,112,50,906,770,178,B1,X,L,1,WARREN,A,5
A7-5-1,48,112,50,958,770,-30,B1,X,L,1,WARREN,A,1
A7-5-2,48,112,50,958,770,22,B1,X,L,1,WARREN,A,2
A7-5-3,48,112,50,958,770,74,B1,X,L,1,WARREN,A,3
A7-5-4,48,112,50,958,770,126,B1,X,L,1,WARREN,A,4
A7-5-5,48,112,50,958,770,178,B1,X,L,1,WARREN,A,5
A8-1-1,48,112,50,750,890,-30,B1,X,L,1,WARREN,A,1
A8-1-2,48,112,50,750,890,22,B1,X,L,1,WARREN,A,2
A8-1-3,48,112,50,750,890,74,B1,X,L,1,WARREN,A,3
A8-1-4,48,112,50,750,890,126,B1,X,L,1,WARREN,A,4
A8-1-5,48,112,50,750,890,178,B1,X,L,1,WARREN,A,5
A8-2-1,48,112,50,802,890,-30,B1,X,L,1,WARREN,A,1
A8-2-2,48,112,50,802,890,22,B1,X,L,1,WARREN,A,2
A8-2-3,48,112,50,802,890,74,B1,X,L,1,WARREN,A,3
A8-2-4,48,112,50,802,890,126,B1,X,L,1,WARREN,A,4
A8-2-5,48,112,50,802,890,178,B1,X,L,1,WARREN,A,5
A8-3-1,48,112,50,854,890,-30,B1,X,L,1,WARREN,A,1
A8-3-2,48,112,50,854,890,22,B1,X,L,1,WARREN,A,2
A8-3-3,48,112,50,854,890,74,B1,X,L,1,WARREN,A,3
A8-3-4,48,112,50,854,890,126,B1,X,L,1,WARREN,A,4
A8-3-5,48,112,50,854,890,178,B1,X,L,1,WARREN,A,5
A8-4-1,48,112,50,906,890,-30,B1,X,L,1,WARREN,A,1
A8-4-2,48,112,50,906,890,22,B1,X,L,1,WARREN,A,2
A8-4-3,48,112,50,906,890,74,B1,X,L,1,WARREN,A,3
A8-4-4,48,112,50,906,890,126,B1,X,L,1,WARREN,A,4
A8-4-5,48,112,50,906,890,178,B1,X,L,1,WARREN,A,5
A8-5-1,48,112,50,958,890,-30,B1,X,L,1,WARREN,A,1
A8-5-2,48,112,50,958,890,22,B1,X,L,1,WARREN,A,2
A8-5-3,48,112,50,958,890,74,B1,X,L,1,WARREN,A,3
A8-5-4,48,112,50,958,890,126,B1,X,L,1,WARREN,A,4
A8-5-5,48,112,50,958,890,178,B1,X,L,1,WARREN,A,5
A9-1-1,48,112,50,750,1010,-30,B1,X,L,1,WARREN,A,1
A9-1-2,48,112,50,750,1010,22,B1,X,L,1,WARREN,A,2
A9-1-3,48,112,50,750,1010,74,B1,X,L,1,WARREN,A,3
A9-1-4,48,112,50,750,1010,126,B1,X,L,1,WARREN,A,4
A9-1-5,48,112,50,750,1010,178,B1,X,L,1,WARREN,A,5
A9-2-1,48,112,50,802,1010,-30,B1,X,L,1,WARREN,A,1
A9-2-2,48,112,50,802,1010,22,B1,X,L,1,WARREN,A,2
A9-2-3,48,112,50,802,1010,74,B1,X,L,1,WARREN,A,3
A9-2-4,48,112,50,802,1010,126,B1,X,L,1,WARREN,A,4
A9-2-5,48,112,50,802,1010,178,B1,X,L,1,WARREN,A,5
A9-3-1,48,112,50,854,1010,-30,B1,X,L,1,WARREN,A,1
A9-3-2,48,112,50,854,1010,22,B1,X,L,1,WARREN,A,2
A9-3-3,48,112,50,854,1010,74,B1,X,L,1,WARREN,A,3
A9-3-4,48,112,50,854,1010,126,B1,X,L,1,WARREN,A,4
A9-3-5,48,112,50,854,1010,178,B1,X,L,1,WARREN,A,5
A9-4-1,48,112,50,906,1010,-30,B1,X,L,1,WARREN,A,1
A9-4-2,48,112,50,906,1010,22,B1,X,L,1,WARREN,A,2
A9-4-3,48,112,50,906,1010,74,B1,X,L,1,WARREN,A,3
A9-4-4,48,112,50,906,1010,126,B1,X,L,1,WARREN,A,4
A9-4-5,48,112,50,906,1010,178,B1,X,L,1,WARREN,A,5
A9-5-1,48,112,50,958,1010,-30,B1,X,L,1,WARREN,A,1
A9-5-2,48,112,50,958,1010,22,B1,X,L,1,WARREN,A,2
A9-5-3,48,112,50,958,1010,74,B1,X,L,1,WARREN,A,3
A9-5-4,48,112,50,958,1010,126,B1,X,L,1,WARREN,A,4
A9-5-5,48,112,50,958,1010,178,B1,X,L,1,WARREN,A,5
A10-1-1,48,112,50,750,1130,-30,B1,X,L,1,WARREN,A,1
A10-1-2,48,112,50,750,1130,22,B1,X,L,1,WARREN,A,2
A10-1-3,48,112,50,750,1130,74,B1,X,L,1,WARREN,A,3
A10-1-4,48,112,50,750,1130,126,B1,X,L,1,WARREN,A,4
A10-1-5,48,112,50,750,1130,178,B1,X,L,1,WARREN,A,5
A10-2-1,48,112,50,802,1130,-30,B1,X,L,1,WARREN,A,1
A10-2-2,48,112,50,802,1130,22,B1,X,L,1,WARREN,A,2
A10-2-3,48,112,50,802,1130,74,B1,X,L,1,WARREN,A,3
A10-2-4,48,112,50,802,1130,126,B1,X,L,1,WARREN,A,4
A10-2-5,48,112,50,802,1130,178,B1,X,L,1,WARREN,A,5
A10-3-1,48,112,50,854,1130,-30,B1,X,L,1,WARREN,A,1
A10-3-2,48,112,50,854,1130,22,B1,X,L,1,WARREN,A,2
A10-3-3,48,112,50,854,1130,74,B1,X,L,1,WARREN,A,3
A10-3-4,48,112,50,854,1130,126,B1,X,L,1,WARREN,A,4
A10-3-5,48,112,50,854,1130,178,B1,X,L,1,WARREN,A,5
A10-4-1,48,112,50,906,1130,-30,B1,X,L,1,WARREN,A,1
A10-4-2,48,112,50,906,1130,22,B1,X,L,1,WARREN,A,2
A10-4-3,48,112,50,906,1130,74,B1,X,L,1,WARREN,A,3
A10-4-4,48,112,50,906,1130,126,B1,X,L,1,WARREN,A,4
A10-4-5,48,112,50,906,1130,178,B1,X,L,1,WARREN,A,5
A10-5-1,48,112,50,958,1130,-30,B1,X,L,1,WARREN,A,1
A10-5-2,48,112,50,958,1130,22,B1,X,L,1,WARREN,A,2
A10-5-3,48,112,50,958,1130,74,B1,X,L,1,WARREN,A,3
A10-5-4,48,112,50,958,1130,126,B1,X,L,1,WARREN,A,4
A10-5-5,48,112,50,958,1130,178,B1,X,L,1,WARREN,A,5
A11-1-1,48,112,50,750,1250,-30,B1,X,L,1,WARREN,A,1
A11-1-2,48,112,50,750,1250,22,B1,X,L,1,WARREN,A,2
A11-1-3,48,112,50,750,1250,74,B1,X,L,1,WARREN,A,3
A11-1-4,48,112,50,750,1250,126,B1,X,L,1,WARREN,A,4
A11-1-5,48,112,50,750,1250,178,B1,X,L,1,WARREN,A,5
A11-2-1,48,112,50,802,1250,-30,B1,X,L,1,WARREN,A,1
A11-2-2,48,112,50,802,1250,22,B1,X,L,1,WARREN,A,2
A11-2-3,48,112,50,802,1250,74,B1,X,L,1,WARREN,A,3
A11-2-4,48,112,50,802,1250,126,B1,X,L,1,WARREN,A,4
A11-2-5,48,112,50,802,1250,178,B1,X,L,1,WARREN,A,5
A11-3-1,48,112,50,854,1250,-30,B1,X,L,1,WARREN,A,1
A11-3-2,48,112,50,854,1250,22,B1,X,L,1,WARREN,A,2
A11-3-3,48,112,50,854,1250,74,B1,X,L,1,WARREN,A,3
A11-3-4,48,112,50,854,1250,126,B1,X,L,1,WARREN,A,4
A11-3-5,48,112,50,854,1250,178,B1,X,L,1,WARREN,A,5
A11-4-1,48,112,50,906,1250,-30,B1,X,L,1,WARREN,A,1
A11-4-2,48,112,50,906,1250,22,B1,X,L,1,WARREN,A,2
A11-4-3,48,112,50,906,1250,74,B1,X,L,1,WARREN,A,3
A11-4-4,48,112,50,906,1250,126,B1,X,L,1,WARREN,A,4
A11-4-5,48,112,50,906,1250,178,B1,X,L,1,WARREN,A,5
A11-5-1,48,112,50,958,1250,-30,B1,X,L,1,WARREN,A,1
A11-5-2,48,112,50,958,1250,22,B1,X,L,1,WARREN,A,2
A11-5-3,48,112,50,958,1250,74,B1,X,L,1,WARREN,A,3
A11-5-4,48,112,50,958,1250,126,B1,X,L,1,WARREN,A,4
A11-5-5,48,112,50,958,1250,178,B1,X,L,1,WARREN,A,5
A12-1-1,48,112,50,750,1370,-30,B1,X,L,1,WARREN,A,1
A12-1-2,48,112,50,750,1370,22,B1,X,L,1,WARREN,A,2
A12-1-3,48,112,50,750,1370,74,B1,X,L,1,WARREN,A,3
A12-1-4,48,112,50,750,1370,126,B1,X,L,1,WARREN,A,4
A12-1-5,48,112,50,750,1370,178,B1,X,L,1,WARREN,A,5
A12-2-1,48,112,50,802,1370,-30,B1,X,L,1,WARREN,A,1
A12-2-2,48,112,50,802,1370,22,B1,X,L,1,WARREN,A,2
A12-2-3,48,112,50,802,1370,74,B1,X,L,1,WARREN,A,3
A12-2-4,48,112,50,802,1370,126,B1,X,L,1,WARREN,A,4
A12-2-5,48,112,50,802,1370,178,B1,X,L,1,WARREN,A,5
A12-3-1,48,112,50,854,1370,-30,B1,X,L,1,WARREN,A,1
A12-3-2,48,112,50,854,1370,22,B1,X,L,1,WARREN,A,2
A12-3-3,48,112,50,854,1370,74,B1,X,L,1,WARREN,A,3
A12-3-4,48,112,50,854,1370,126,B1,X,L,1,WARREN,A,4
A12-3-5,48,112,50,854,1370,178,B1,X,L,1,WARREN,A,5
A12-4-1,48,112,50,906,1370,-30,B1,X,L,1,WARREN,A,1
A12-4-2,48,112,50,906,1370,22,B1,X,L,1,WARREN,A,2
A12-4-3,48,112,50,906,1370,74,B1,X,L,1,WARREN,A,3
A12-4-4,48,112,50,906,1370,126,B1,X,L,1,WARREN,A,4
A12-4-5,48,112,50,906,1370,178,B1,X,L,1,WARREN,A,5
A12-5-1,48,112,50,958,1370,-30,B1,X,L,1,WARREN,A,1
A12-5-2,48,112,50,958,1370,22,B1,X,L,1,WARREN,A,2
A12-5-3,48,112,50,958,1370,74,B1,X,L,1,WARREN,A,3
A12-5-4,48,112,50,958,1370,126,B1,X,L,1,WARREN,A,4
A12-5-5,48,112,50,958,1370,178,B1,X,L,1,WARREN,A,5
A13-1-1,48,112,50,750,1490,-30,B1,X,L,1,WARREN,A,1
A13-1-2,48,112,50,750,1490,22,B1,X,L,1,WARREN,A,2
A13-1-3,48,112,50,750,1490,74,B1,X,L,1,WARREN,A,3
A13-1-4,48,112,50,750,1490,126,B1,X,L,1,WARREN,A,4
A13-1-5,48,112,50,750,1490,178,B1,X,L,1,WARREN,A,5
A13-2-1,48,112,50,802,1490,-30,B1,X,L,1,WARREN,A,1
A13-2-2,48,112,50,802,1490,22,B1,X,L,1,WARREN,A,2
A13-2-3,48,112,50,802,1490,74,B1,X,L,1,WARREN,A,3
A13-2-4,48,112,50,802,1490,126,B1,X,L,1,WARREN,A,4
A13-2-5,48,112,50,802,1490,178,B1,X,L,1,WARREN,A,5
A13-3-1,48,112,50,854,1490,-30,B1,X,L,1,WARREN,A,1
A13-3-2,48,112,50,854,1490,22,B1,X,L,1,WARREN,A,2
A13-3-3,48,112,50,854,1490,74,B1,X,L,1,WARREN,A,3
A13-3-4,48,112,50,854,1490,126,B1,X,L,1,WARREN,A,4
A13-3-5,48,112,50,854,1490,178,B1,X,L,1,WARREN,A,5
A13-4-1,48,112,50,906,1490,-30,B1,X,L,1,WARREN,A,1
A13-4-2,48,112,50,906,1490,22,B1,X,L,1,WARREN,A,2
A13-4-3,48,112,50,906,1490,74,B1,X,L,1,WARREN,A,3
A13-4-4,48,112,50,906,1490,126,B1,X,L,1,WARREN,A,4
A13-4-5,48,112,50,906,1490,178,B1,X,L,1,WARREN,A,5
A13-5-1,48,112,50,958,1490,-30,B1,X,L,1,WARREN,A,1
A13-5-2,48,112,50,958,1490,22,B1,X,L,1,WARREN,A,2
A13-5-3,48,112,50,958,1490,74,B1,X,L,1,WARREN,A,3
A13-5-4,48,112,50,958,1490,126,B1,X,L,1,WARREN,A,4
A13-5-5,48,112,50,958,1490,178,B1,X,L,1,WARREN,A,5
A14-1-1,48,112,50,750,1610,-30,B1,X,L,1,WARREN,A,1
A14-1-2,48,112,50,750,1610,22,B1,X,L,1,WARREN,A,2
A14-1-3,48,112,50,750,1610,74,B1,X,L,1,WARREN,A,3
A14-1-4,48,112,50,750,1610,126,B1,X,L,1,WARREN,A,4
A14-1-5,48,112,50,750,1610,178,B1,X,L,1,WARREN,A,5
A14-2-1,48,112,50,802,1610,-30,B1,X,L,1,WARREN,A,1
A14-2-2,48,112,50,802,1610,22,B1,X,L,1,WARREN,A,2
A14-2-3,48,112,50,802,1610,74,B1,X,L,1,WARREN,A,3
A14-2-4,48,112,50,802,1610,126,B1,X,L,1,WARREN,A,4
A14-2-5,48,112,50,802,1610,178,B1,X,L,1,WARREN,A,5
A14-3-1,48,112,50,854,1610,-30,B1,X,L,1,WARREN,A,1
A14-3-2,48,112,50,854,1610,22,B1,X,L,1,WARREN,A,2
A14-3-3,48,112,50,854,1610,74,B1,X,L,1,WARREN,A,3
A14-3-4,48,112,50,854,1610,126,B1,X,L,1,WARREN,A,4
A14-3-5,48,112,50,854,1610,178,B1,X,L,1,WARREN,A,5
A14-4-1,48,112,50,906,1610,-30,B1,X,L,1,WARREN,A,1
A14-4-2,48,112,50,906,1610,22,B1,X,L,1,WARREN,A,2
A14-4-3,48,112,50,906,1610,74,B1,X,L,1,WARREN,A,3
A14-4-4,48,112,50,906,1610,126,B1,X,L,1,WARREN,A,4
A14-4-5,48,112,50,906,1610,178,B1,X,L,1,WARREN,A,5
A14-5-1,48,112,50,958,1610,-30,B1,X,L,1,WARREN,A,1
A14-5-2,48,112,50,958,1610,22,B1,X,L,1,WARREN,A,2
A14-5-3,48,112,50,958,1610,74,B1,X,L,1,WARREN,A,3
A14-5-4,48,112,50,958,1610,126,B1,X,L,1,WARREN,A,4
A14-5-5,48,112,50,958,1610,178,B1,X,L,1,WARREN,A,5
A15-1-1,48,112,50,750,1730,-30,B1,X,L,1,WARREN,A,1
A15-1-2,48,112,50,750,1730,22,B1,X,L,1,WARREN,A,2
A15-1-3,48,112,50,750,1730,74,B1,X,L,1,WARREN,A,3
A15-1-4,48,112,50,750,1730,126,B1,X,L,1,WARREN,A,4
A15-1-5,48,112,50,750,1730,178,B1,X,L,1,WARREN,A,5
A15-2-1,48,112,50,802,1730,-30,B1,X,L,1,WARREN,A,1
A15-2-2,48,112,50,802,1730,22,B1,X,L,1,WARREN,A,2
A15-2-3,48,112,50,802,1730,74,B1,X,L,1,WARREN,A,3
A15-2-4,48,112,50,802,1730,126,B1,X,L,1,WARREN,A,4
A15-2-5,48,112,50,802,1730,178,B1,X,L,1,WARREN,A,5
A15-3-1,48,112,50,854,1730,-30,B1,X,L,1,WARREN,A,1
A15-3-2,48,112,50,854,1730,22,B1,X,L,1,WARREN,A,2
A15-3-3,48,112,50,854,1730,74,B1,X,L,1,WARREN,A,3
A15-3-4,48,112,50,854,1730,126,B1,X,L,1,WARREN,A,4
A15-3-5,48,112,50,854,1730,178,B1,X,L,1,WARREN,A,5
A15-4-1,48,112,50,906,1730,-30,B1,X,L,1,WARREN,A,1
A15-4-2,48,112,50,906,1730,22,B1,X,L,1,WARREN,A,2
A15-4-3,48,112,50,906,1730,74,B1,X,L,1,WARREN,A,3
A15-4-4,48,112,50,906,1730,126,B1,X,L,1,WARREN,A,4
A15-4-5,48,112,50,906,1730,178,B1,X,L,1,WARREN,A,5
A15-5-1,48,112,50,958,1730,-30,B1,X,L,1,WARREN,A,1
A15-5-2,48,112,50,958,1730,22,B1,X,L,1,WARREN,A,2
A15-5-3,48,112,50,958,1730,74,B1,X,L,1,WARREN,A,3
A15-5-4,48,112,50,958,1730,126,B1,X,L,1,WARREN,A,4
A15-5-5,48,112,50,958,1730,178,B1,X,L,1,WARREN,A,5
A16-1-1,48,112,50,750,1850,-30,B1,X,L,1,WARREN,A,1
A16-1-2,48,112,50,750,1850,22,B1,X,L,1,WARREN,A,2
A16-1-3,48,112,50,750,1850,74,B1,X,L,1,WARREN,A,3
A16-1-4,48,112,50,750,1850,126,B1,X,L,1,WARREN,A,4
A16-1-5,48,112,50,750,1850,178,B1,X,L,1,WARREN,A,5
A16-2-1,48,112,50,802,1850,-30,B1,X,L,1,WARREN,A,1
A16-2-2,48,112,50,802,1850,22,B1,X,L,1,WARREN,A,2
A16-2-3,48,112,50,802,1850,74,B1,X,L,1,WARREN,A,3
A16-2-4,48,112,50,802,1850,126,B1,X,L,1,WARREN,A,4
A16-2-5,48,112,50,802,1850,178,B1,X,L,1,WARREN,A,5
A16-3-1,48,112,50,854,1850,-30,B1,X,L,1,WARREN,A,1
A16-3-2,48,112,50,854,1850,22,B1,X,L,1,WARREN,A,2
A16-3-3,48,112,50,854,1850,74,B1,X,L,1,WARREN,A,3
A16-3-4,48,112,50,854,1850,126,B1,X,L,1,WARREN,A,4
A16-3-5,48,112,50,854,1850,178,B1,X,L,1,WARREN,A,5
A16-4-1,48,112,50,906,1850,-30,B1,X,L,1,WARREN,A,1
A16-4-2,48,112,50,906,1850,22,B1,X,L,1,WARREN,A,2
A16-4-3,48,112,50,906,1850,74,B1,X,L,1,WARREN,A,3
A16-4-4,48,112,50,906,1850,126,B1,X,L,1,WARREN,A,4
A16-4-5,48,112,50,906,1850,178,B1,X,L,1,WARREN,A,5
A16-5-1,48,112,50,958,1850,-30,B1,X,L,1,WARREN,A,1
A16-5-2,48,112,50,958,1850,22,B1,X,L,1,WARREN,A,2
A16-5-3,48,112,50,958,1850,74,B1,X,L,1,WARREN,A,3
A16-5-4,48,112,50,958,1850,126,B1,X,L,1,WARREN,A,4
A16-5-5,48,112,50,958,1850,178,B1,X,L,1,WARREN,A,5
A17-1-1,48,112,50,750,1970,-30,B1,X,L,1,WARREN,A,1
A17-1-2,48,112,50,750,1970,22,B1,X,L,1,WARREN,A,2
A17-1-3,48,112,50,750,1970,74,B1,X,L,1,WARREN,A,3
A17-1-4,48,112,50,750,1970,126,B1,X,L,1,WARREN,A,4
A17-1-5,48,112,50,750,1970,178,B1,X,L,1,WARREN,A,5
A17-2-1,48,112,50,802,1970,-30,B1,X,L,1,WARREN,A,1
A17-2-2,48,112,50,802,1970,22,B1,X,L,1,WARREN,A,2
A17-2-3,48,112,50,802,1970,74,B1,X,L,1,WARREN,A,3
A17-2-4,48,112,50,802,1970,126,B1,X,L,1,WARREN,A,4
A17-2-5,48,112,50,802,1970,178,B1,X,L,1,WARREN,A,5
A17-3-1,48,112,50,854,1970,-30,B1,X,L,1,WARREN,A,1
A17-3-2,48,112,50,854,1970,22,B1,X,L,1,WARREN,A,2
A17-3-3,48,112,50,854,1970,74,B1,X,L,1,WARREN,A,3
A17-3-4,48,112,50,854,1970,126,B1,X,L,1,WARREN,A,4
A17-3-5,48,112,50,854,1970,178,B1,X,L,1,WARREN,A,5
A17-4-1,48,112,50,906,1970,-30,B1,X,L,1,WARREN,A,1
A17-4-2,48,112,50,906,1970,22,B1,X,L,1,WARREN,A,2
A17-4-3,48,112,50,906,1970,74,B1,X,L,1,WARREN,A,3
A17-4-4,48,112,50,906,1970,126,B1,X,L,1,WARREN,A,4
A17-4-5,48,112,50,906,1970,178,B1,X,L,1,WARREN,A,5
A17-5-1,48,112,50,958,1970,-30,B1,X,L,1,WARREN,A,1
A17-5-2,48,112,50,958,1970,22,B1,X,L,1,WARREN,A,2
A17-5-3,48,112,50,958,1970,74,B1,X,L,1,WARREN,A,3
A17-5-4,48,112,50,958,1970,126,B1,X,L,1,WARREN,A,4
A17-5-5,48,112,50,958,1970,178,B1,X,L,1,WARREN,A,5
A18-1-1,48,112,50,750,2090,-30,B1,X,L,1,WARREN,A,1
A18-1-2,48,112,50,750,2090,22,B1,X,L,1,WARREN,A,2
A18-1-3,48,112,50,750,2090,74,B1,X,L,1,WARREN,A,3
A18-1-4,48,112,50,750,2090,126,B1,X,L,1,WARREN,A,4
A18-1-5,48,112,50,750,2090,178,B1,X,L,1,WARREN,A,5
A18-2-1,48,112,50,802,2090,-30,B1,X,L,1,WARREN,A,1
A18-2-2,48,112,50,802,2090,22,B1,X,L,1,WARREN,A,2
A18-2-3,48,112,50,802,2090,74,B1,X,L,1,WARREN,A,3
A18-2-4,48,112,50,802,2090,126,B1,X,L,1,WARREN,A,4
A18-2-5,48,112,50,802,2090,178,B1,X,L,1,WARREN,A,5
A18-3-1,48,112,50,854,2090,-30,B1,X,L,1,WARREN,A,1
A18-3-2,48,112,50,854,2090,22,B1,X,L,1,WARREN,A,2
A18-3-3,48,112,50,854,2090,74,B1,X,L,1,WARREN,A,3
A18-3-4,48,112,50,854,2090,126,B1,X,L,1,WARREN,A,4
A18-3-5,48,112,50,854,2090,178,B1,X,L,1,WARREN,A,5
A18-4-1,48,112,50,906,2090,-30,B1,X,L,1,WARREN,A,1
A18-4-2,48,112,50,906,2090,22,B1,X,L,1,WARREN,A,2
A18-4-3,48,112,50,906,2090,74,B1,X,L,1,WARREN,A,3
A18-4-4,48,112,50,906,2090,126,B1,X,L,1,WARREN,A,4
A18-4-5,48,112,50,906,2090,178,B1,X,L,1,WARREN,A,5
A18-5-1,48,112,50,958,2090,-30,B1,X,L,1,WARREN,A,1
A18-5-2,48,112,50,958,2090,22,B1,X,L,1,WARREN,A,2
A18-5-3,48,112,50,958,2090,74,B1,X,L,1,WARREN,A,3
A18-5-4,48,112,50,958,2090,126,B1,X,L,1,WARREN,A,4
A18-5-5,48,112,50,958,2090,178,B1,X,L,1,WARREN,A,5
A19-1-1,48,112,50,750,2210,-30,B1,X,L,1,WARREN,A,1
A19-1-2,48,112,50,750,2210,22,B1,X,L,1,WARREN,A,2
A19-1-3,48,112,50,750,2210,74,B1,X,L,1,WARREN,A,3
A19-1-4,48,112,50,750,2210,126,B1,X,L,1,WARREN,A,4
A19-1-5,48,112,50,750,2210,178,B1,X,L,1,WARREN,A,5
A19-2-1,48,112,50,802,2210,-30,B1,X,L,1,WARREN,A,1
A19-2-2,48,112,50,802,2210,22,B1,X,L,1,WARREN,A,2
A19-2-3,48,112,50,802,2210,74,B1,X,L,1,WARREN,A,3
A19-2-4,48,112,50,802,2210,126,B1,X,L,1,WARREN,A,4
A19-2-5,48,112,50,802,2210,178,B1,X,L,1,WARREN,A,5
A19-3-1,48,112,50,854,2210,-30,B1,X,L,1,WARREN,A,1
A19-3-2,48,112,50,854,2210,22,B1,X,L,1,WARREN,A,2
A19-3-3,48,112,50,854,2210,74,B1,X,L,1,WARREN,A,3
A19-3-4,48,112,50,854,2210,126,B1,X,L,1,WARREN,A,4
A19-3-5,48,112,50,854,2210,178,B1,X,L,1,WARREN,A,5
A19-4-1,48,112,50,906,2210,-30,B1,X,L,1,WARREN,A,1
A19-4-2,48,112,50,906,2210,22,B1,X,L,1,WARREN,A,2
A19-4-3,48,112,50,906,2210,74,B1,X,L,1,WARREN,A,3
A19-4-4,48,112,50,906,2210,126,B1,X,L,1,WARREN,A,4
A19-4-5,48,112,50,906,2210,178,B1,X,L,1,WARREN,A,5
A19-5-1,48,112,50,958,2210,-30,B1,X,L,1,WARREN,A,1
A19-5-2,48,112,50,958,2210,22,B1,X,L,1,WARREN,A,2
A19-5-3,48,112,50,958,2210,74,B1,X,L,1,WARREN,A,3
A19-5-4,48,112,50,958,2210,126,B1,X,L,1,WARREN,A,4
A19-5-5,48,112,50,958,2210,178,B1,X,L,1,WARREN,A,5
A20-1-1,48,112,50,750,2330,-30,B1,X,L,1,WARREN,A,1
A20-1-2,48,112,50,750,2330,22,B1,X,L,1,WARREN,A,2
A20-1-3,48,112,50,750,2330,74,B1,X,L,1,WARREN,A,3
A20-1-4,48,112,50,750,2330,126,B1,X,L,1,WARREN,A,4
A20-1-5,48,112,50,750,2330,178,B1,X,L,1,WARREN,A,5
A20-2-1,48,112,50,802,2330,-30,B1,X,L,1,WARREN,A,1
A20-2-2,48,112,50,802,2330,22,B1,X,L,1,WARREN,A,2
A20-2-3,48,112,50,802,2330,74,B1,X,L,1,WARREN,A,3
A20-2-4,48,112,50,802,2330,126,B1,X,L,1,WARREN,A,4
A20-2-5,48,112,50,802,2330,178,B1,X,L,1,WARREN,A,5
A20-3-1,48,112,50,854,2330,-30,B1,X,L,1,WARREN,A,1
A20-3-2,48,112,50,854,2330,22,B1,X,L,1,WARREN,A,2
A20-3-3,48,112,50,854,2330,74,B1,X,L,1,WARREN,A,3
A20-3-4,48,112,50,854,2330,126,B1,X,L,1,WARREN,A,4
A20-3-5,48,112,50,854,2330,178,B1,X,L,1,WARREN,A,5
A20-4-1,48,112,50,906,2330,-30,B1,X,L,1,WARREN,A,1
A20-4-2,48,112,50,906,2330,22,B1,X,L,1,WARREN,A,2
A20-4-3,48,112,50,906,2330,74,B1,X,L,1,WARREN,A,3
A20-4-4,48,112,50,906,2330,126,B1,X,L,1,WARREN,A,4
A20-4-5,48,112,50,906,2330,178,B1,X,L,1,WARREN,A,5
A20-5-1,48,112,50,958,2330,-30,B1,X,L,1,WARREN,A,1
A20-5-2,48,112,50,958,2330,22,B1,X,L,1,WARREN,A,2
A20-5-3,48,112,50,958,2330,74,B1,X,L,1,WARREN,A,3
A20-5-4,48,112,50,958,2330,126,B1,X,L,1,WARREN,A,4
A20-5-5,48,112,50,958,2330,178,B1,X,L,1,WARREN,A,5
A21-1-1,48,112,50,750,2450,-30,B1,X,L,1,WARREN,A,1
A21-1-2,48,112,50,750,2450,22,B1,X,L,1,WARREN,A,2
A21-1-3,48,112,50,750,2450,74,B1,X,L,1,WARREN,A,3
A21-1-4,48,112,50,750,2450,126,B1,X,L,1,WARREN,A,4
A21-1-5,48,112,50,750,2450,178,B1,X,L,1,WARREN,A,5
A21-2-1,48,112,50,802,2450,-30,B1,X,L,1,WARREN,A,1
A21-2-2,48,112,50,802,2450,22,B1,X,L,1,WARREN,A,2
A21-2-3,48,112,50,802,2450,74,B1,X,L,1,WARREN,A,3
A21-2-4,48,112,50,802,2450,126,B1,X,L,1,WARREN,A,4
A21-2-5,48,112,50,802,2450,178,B1,X,L,1,WARREN,A,5
A21-3-1,48,112,50,854,2450,-30,B1,X,L,1,WARREN,A,1
A21-3-2,48,112,50,854,2450,22,B1,X,L,1,WARREN,A,2
A21-3-3,48,112,50,854,2450,74,B1,X,L,1,WARREN,A,3
A21-3-4,48,112,50,854,2450,126,B1,X,L,1,WARREN,A,4
A21-3-5,48,112,50,854,2450,178,B1,X,L,1,WARREN,A,5
A21-4-1,48,112,50,906,2450,-30,B1,X,L,1,WARREN,A,1
A21-4-2,48,112,50,906,2450,22,B1,X,L,1,WARREN,A,2
A21-4-3,48,112,50,906,2450,74,B1,X,L,1,WARREN,A,3
A21-4-4,48,112,50,906,2450,126,B1,X,L,1,WARREN,A,4
A21-4-5,48,112,50,906,2450,178,B1,X,L,1,WARREN,A,5
A21-5-1,48,112,50,958,2450,-30,B1,X,L,1,WARREN,A,1
A21-5-2,48,112,50,958,2450,22,B1,X,L,1,WARREN,A,2
A21-5-3,48,112,50,958,2450,74,B1,X,L,1,WARREN,A,3
A21-5-4,48,112,50,958,2450,126,B1,X,L,1,WARREN,A,4
A21-5-5,48,112,50,958,2450,178,B1,X,L,1,WARREN,A,5
A22-1-1,48,112,50,750,2570,-30,B1,X,L,1,WARREN,A,1
A22-1-2,48,112,50,750,2570,22,B1,X,L,1,WARREN,A,2
A22-1-3,48,112,50,750,2570,74,B1,X,L,1,WARREN,A,3
A22-1-4,48,112,50,750,2570,126,B1,X,L,1,WARREN,A,4
A22-1-5,48,112,50,750,2570,178,B1,X,L,1,WARREN,A,5
A22-2-1,48,112,50,802,2570,-30,B1,X,L,1,WARREN,A,1
A22-2-2,48,112,50,802,2570,22,B1,X,L,1,WARREN,A,2
A22-2-3,48,112,50,802,2570,74,B1,X,L,1,WARREN,A,3
A22-2-4,48,112,50,802,2570,126,B1,X,L,1,WARREN,A,4
A22-2-5,48,112,50,802,2570,178,B1,X,L,1,WARREN,A,5
A22-3-1,48,112,50,854,2570,-30,B1,X,L,1,WARREN,A,1
A22-3-2,48,112,50,854,2570,22,B1,X,L,1,WARREN,A,2
A22-3-3,48,112,50,854,2570,74,B1,X,L,1,WARREN,A,3
A22-3-4,48,112,50,854,2570,126,B1,X,L,1,WARREN,A,4
A22-3-5,48,112,50,854,2570,178,B1,X,L,1,WARREN,A,5
A22-4-1,48,112,50,906,2570,-30,B1,X,L,1,WARREN,A,1
A22-4-2,48,112,50,906,2570,22,B1,X,L,1,WARREN,A,2
A22-4-3,48,112,50,906,2570,74,B1,X,L,1,WARREN,A,3
A22-4-4,48,112,50,906,2570,126,B1,X,L,1,WARREN,A,4
A22-4-5,48,112,50,906,2570,178,B1,X,L,1,WARREN,A,5
A22-5-1,48,112,50,958,2570,-30,B1,X,L,1,WARREN,A,1
A22-5-2,48,112,50,958,2570,22,B1,X,L,1,WARREN,A,2
A22-5-3,48,112,50,958,2570,74,B1,X,L,1,WARREN,A,3
A22-5-4,48,112,50,958,2570,126,B1,X,L,1,WARREN,A,4
A22-5-5,48,112,50,958,2570,178,B1,X,L,1,WARREN,A,5
A23-1-1,48,112,50,750,2690,-30,B1,X,L,1,WARREN,A,1
A23-1-2,48,112,50,750,2690,22,B1,X,L,1,WARREN,A,2
A23-1-3,48,112,50,750,2690,74,B1,X,L,1,WARREN,A,3
A23-1-4,48,112,50,750,2690,126,B1,X,L,1,WARREN,A,4
A23-1-5,48,112,50,750,2690,178,B1,X,L,1,WARREN,A,5
A23-2-1,48,112,50,802,2690,-30,B1,X,L,1,WARREN,A,1
A23-2-2,48,112,50,802,2690,22,B1,X,L,1,WARREN,A,2
A23-2-3,48,112,50,802,2690,74,B1,X,L,1,WARREN,A,3
A23-2-4,48,112,50,802,2690,126,B1,X,L,1,WARREN,A,4
A23-2-5,48,112,50,802,2690,178,B1,X,L,1,WARREN,A,5
A23-3-1,48,112,50,854,2690,-30,B1,X,L,1,WARREN,A,1
A23-3-2,48,112,50,854,2690,22,B1,X,L,1,WARREN,A,2
A23-3-3,48,112,50,854,2690,74,B1,X,L,1,WARREN,A,3
A23-3-4,48,112,50,854,2690,126,B1,X,L,1,WARREN,A,4
A23-3-5,48,112,50,854,2690,178,B1,X,L,1,WARREN,A,5
A23-4-1,48,112,50,906,2690,-30,B1,X,L,1,WARREN,A,1
A23-4-2,48,112,50,906,2690,22,B1,X,L,1,WARREN,A,2
A23-4-3,48,112,50,906,2690,74,B1,X,L,1,WARREN,A,3
A23-4-4,48,112,50,906,2690,126,B1,X,L,1,WARREN,A,4
A23-4-5,48,112,50,906,2690,178,B1,X,L,1,WARREN,A,5
A23-5-1,48,112,50,958,2690,-30,B1,X,L,1,WARREN,A,1
A23-5-2,48,112,50,958,2690,22,B1,X,L,1,WARREN,A,2
A23-5-3,48,112,50,958,2690,74,B1,X,L,1,WARREN,A,3
A23-5-4,48,112,50,958,2690,126,B1,X,L,1,WARREN,A,4
A23-5-5,48,112,50,958,2690,178,B1,X,L,1,WARREN,A,5
A24-1-1,48,112,50,750,2810,-30,B1,X,L,1,WARREN,A,1
A24-1-2,48,112,50,750,2810,22,B1,X,L,1,WARREN,A,2
A24-1-3,48,112,50,750,2810,74,B1,X,L,1,WARREN,A,3
A24-1-4,48,112,50,750,2810,126,B1,X,L,1,WARREN,A,4
A24-1-5,48,112,50,750,2810,178,B1,X,L,1,WARREN,A,5
A24-2-1,48,112,50,802,2810,-30,B1,X,L,1,WARREN,A,1
A24-2-2,48,112,50,802,2810,22,B1,X,L,1,WARREN,A,2
A24-2-3,48,112,50,802,2810,74,B1,X,L,1,WARREN,A,3
A24-2-4,48,112,50,802,2810,126,B1,X,L,1,WARREN,A,4
A24-2-5,48,112,50,802,2810,178,B1,X,L,1,WARREN,A,5
A24-3-1,48,112,50,854,2810,-30,B1,X,L,1,WARREN,A,1
A24-3-2,48,112,50,854,2810,22,B1,X,L,1,WARREN,A,2
A24-3-3,48,112,50,854,2810,74,B1,X,L,1,WARREN,A,3
A24-3-4,48,112,50,854,2810,126,B1,X,L,1,WARREN,A,4
A24-3-5,48,112,50,854,2810,178,B1,X,L,1,WARREN,A,5
A24-4-1,48,112,50,906,2810,-30,B1,X,L,1,WARREN,A,1
A24-4-2,48,112,50,906,2810,22,B1,X,L,1,WARREN,A,2
A24-4-3,48,112,50,906,2810,74,B1,X,L,1,WARREN,A,3
A24-4-4,48,112,50,906,2810,126,B1,X,L,1,WARREN,A,4
A24-4-5,48,112,50,906,2810,178,B1,X,L,1,WARREN,A,5
A24-5-1,48,112,50,958,2810,-30,B1,X,L,1,WARREN,A,1
A24-5-2,48,112,50,958,2810,22,B1,X,L,1,WARREN,A,2
A24-5-3,48,112,50,958,2810,74,B1,X,L,1,WARREN,A,3
A24-5-4,48,112,50,958,2810,126,B1,X,L,1,WARREN,A,4
A24-5-5,48,112,50,958,2810,178,B1,X,L,1,WARREN,A,5
A25-1-1,48,112,50,750,2930,-30,B1,X,L,1,WARREN,A,1
A25-1-2,48,112,50,750,2930,22,B1,X,L,1,WARREN,A,2
A25-1-3,48,112,50,750,2930,74,B1,X,L,1,WARREN,A,3
A25-1-4,48,112,50,750,2930,126,B1,X,L,1,WARREN,A,4
A25-1-5,48,112,50,750,2930,178,B1,X,L,1,WARREN,A,5
A25-2-1,48,112,50,802,2930,-30,B1,X,L,1,WARREN,A,1
A25-2-2,48,112,50,802,2930,22,B1,X,L,1,WARREN,A,2
A25-2-3,48,112,50,802,2930,74,B1,X,L,1,WARREN,A,3
A25-2-4,48,112,50,802,2930,126,B1,X,L,1,WARREN,A,4
A25-2-5,48,112,50,802,2930,178,B1,X,L,1,WARREN,A,5
A25-3-1,48,112,50,854,2930,-30,B1,X,L,1,WARREN,A,1
A25-3-2,48,112,50,854,2930,22,B1,X,L,1,WARREN,A,2
A25-3-3,48,112,50,854,2930,74,B1,X,L,1,WARREN,A,3
A25-3-4,48,112,50,854,2930,126,B1,X,L,1,WARREN,A,4
A25-3-5,48,112,50,854,2930,178,B1,X,L,1,WARREN,A,5
A25-4-1,48,112,50,906,2930,-30,B1,X,L,1,WARREN,A,1
A25-4-2,48,112,50,906,2930,22,B1,X,L,1,WARREN,A,2
A25-4-3,48,112,50,906,2930,74,B1,X,L,1,WARREN,A,3
A25-4-4,48,112,50,906,2930,126,B1,X,L,1,WARREN,A,4
A25-4-5,48,112,50,906,2930,178,B1,X,L,1,WARREN,A,5
A25-5-1,48,112,50,958,2930,-30,B1,X,L,1,WARREN,A,1
A25-5-2,48,112,50,958,2930,22,B1,X,L,1,WARREN,A,2
A25-5-3,48,112,50,958,2930,74,B1,X,L,1,WARREN,A,3
A25-5-4,48,112,50,958,2930,126,B1,X,L,1,WARREN,A,4
A25-5-5,48,112,50,958,2930,178,B1,X,L,1,WARREN,A,5
A26-1-1,48,112,50,750,3050,-30,B1,X,L,1,WARREN,A,1
A26-1-2,48,112,50,750,3050,22,B1,X,L,1,WARREN,A,2
A26-1-3,48,112,50,750,3050,74,B1,X,L,1,WARREN,A,3
A26-1-4,48,112,50,750,3050,126,B1,X,L,1,WARREN,A,4
A26-1-5,48,112,50,750,3050,178,B1,X,L,1,WARREN,A,5
A26-2-1,48,112,50,802,3050,-30,B1,X,L,1,WARREN,A,1
A26-2-2,48,112,50,802,3050,22,B1,X,L,1,WARREN,A,2
A26-2-3,48,112,50,802,3050,74,B1,X,L,1,WARREN,A,3
A26-2-4,48,112,50,802,3050,126,B1,X,L,1,WARREN,A,4
A26-2-5,48,112,50,802,3050,178,B1,X,L,1,WARREN,A,5
A26-3-1,48,112,50,854,3050,-30,B1,X,L,1,WARREN,A,1
A26-3-2,48,112,50,854,3050,22,B1,X,L,1,WARREN,A,2
A26-3-3,48,112,50,854,3050,74,B1,X,L,1,WARREN,A,3
A26-3-4,48,112,50,854,3050,126,B1,X,L,1,WARREN,A,4
A26-3-5,48,112,50,854,3050,178,B1,X,L,1,WARREN,A,5
A26-4-1,48,112,50,906,3050,-30,B1,X,L,1,WARREN,A,1
A26-4-2,48,112,50,906,3050,22,B1,X,L,1,WARREN,A,2
A26-4-3,48,112,50,906,3050,74,B1,X,L,1,WARREN,A,3
A26-4-4,48,112,50,906,3050,126,B1,X,L,1,WARREN,A,4
A26-4-5,48,112,50,906,3050,178,B1,X,L,1,WARREN,A,5
A26-5-1,48,112,50,958,3050,-30,B1,X,L,1,WARREN,A,1
A26-5-2,48,112,50,958,3050,22,B1,X,L,1,WARREN,A,2
A26-5-3,48,112,50,958,3050,74,B1,X,L,1,WARREN,A,3
A26-5-4,48,112,50,958,3050,126,B1,X,L,1,WARREN,A,4
A26-5-5,48,112,50,958,3050,178,B1,X,L,1,WARREN,A,5
A27-1-1,48,112,50,750,3170,-30,B1,X,L,1,WARREN,A,1
A27-1-2,48,112,50,750,3170,22,B1,X,L,1,WARREN,A,2
A27-1-3,48,112,50,750,3170,74,B1,X,L,1,WARREN,A,3
A27-1-4,48,112,50,750,3170,126,B1,X,L,1,WARREN,A,4
A27-1-5,48,112,50,750,3170,178,B1,X,L,1,WARREN,A,5
A27-2-1,48,112,50,802,3170,-30,B1,X,L,1,WARREN,A,1
A27-2-2,48,112,50,802,3170,22,B1,X,L,1,WARREN,A,2
A27-2-3,48,112,50,802,3170,74,B1,X,L,1,WARREN,A,3
A27-2-4,48,112,50,802,3170,126,B1,X,L,1,WARREN,A,4
A27-2-5,48,112,50,802,3170,178,B1,X,L,1,WARREN,A,5
A27-3-1,48,112,50,854,3170,-30,B1,X,L,1,WARREN,A,1
A27-3-2,48,112,50,854,3170,22,B1,X,L,1,WARREN,A,2
A27-3-3,48,112,50,854,3170,74,B1,X,L,1,WARREN,A,3
A27-3-4,48,112,50,854,3170,126,B1,X,L,1,WARREN,A,4
A27-3-5,48,112,50,854,3170,178,B1,X,L,1,WARREN,A,5
A27-4-1,48,112,50,906,3170,-30,B1,X,L,1,WARREN,A,1
A27-4-2,48,112,50,906,3170,22,B1,X,L,1,WARREN,A,2
A27-4-3,48,112,50,906,3170,74,B1,X,L,1,WARREN,A,3
A27-4-4,48,112,50,906,3170,126,B1,X,L,1,WARREN,A,4
A27-4-5,48,112,50,906,3170,178,B1,X,L,1,WARREN,A,5
A27-5-1,48,112,50,958,3170,-30,B1,X,L,1,WARREN,A,1
A27-5-2,48,112,50,958,3170,22,B1,X,L,1,WARREN,A,2
A27-5-3,48,112,50,958,3170,74,B1,X,L,1,WARREN,A,3
A27-5-4,48,112,50,958,3170,126,B1,X,L,1,WARREN,A,4
A27-5-5,48,112,50,958,3170,178,B1,X,L,1,WARREN,A,5
A28-1-1,48,112,50,750,3290,-30,B1,X,L,1,WARREN,A,1
A28-1-2,48,112,50,750,3290,22,B1,X,L,1,WARREN,A,2
A28-1-3,48,112,50,750,3290,74,B1,X,L,1,WARREN,A,3
A28-1-4,48,112,50,750,3290,126,B1,X,L,1,WARREN,A,4
A28-1-5,48,112,50,750,3290,178,B1,X,L,1,WARREN,A,5
A28-2-1,48,112,50,802,3290,-30,B1,X,L,1,WARREN,A,1
A28-2-2,48,112,50,802,3290,22,B1,X,L,1,WARREN,A,2
A28-2-3,48,112,50,802,3290,74,B1,X,L,1,WARREN,A,3
A28-2-4,48,112,50,802,3290,126,B1,X,L,1,WARREN,A,4
A28-2-5,48,112,50,802,3290,178,B1,X,L,1,WARREN,A,5
A28-3-1,48,112,50,854,3290,-30,B1,X,L,1,WARREN,A,1
A28-3-2,48,112,50,854,3290,22,B1,X,L,1,WARREN,A,2
A28-3-3,48,112,50,854,3290,74,B1,X,L,1,WARREN,A,3
A28-3-4,48,112,50,854,3290,126,B1,X,L,1,WARREN,A,4
A28-3-5,48,112,50,854,3290,178,B1,X,L,1,WARREN,A,5
A28-4-1,48,112,50,906,3290,-30,B1,X,L,1,WARREN,A,1
A28-4-2,48,112,50,906,3290,22,B1,X,L,1,WARREN,A,2
A28-4-3,48,112,50,906,3290,74,B1,X,L,1,WARREN,A,3
A28-4-4,48,112,50,906,3290,126,B1,X,L,1,WARREN,A,4
A28-4-5,48,112,50,906,3290,178,B1,X,L,1,WARREN,A,5
A28-5-1,48,112,50,958,3290,-30,B1,X,L,1,WARREN,A,1
A28-5-2,48,112,50,958,3290,22,B1,X,L,1,WARREN,A,2
A28-5-3,48,112,50,958,3290,74,B1,X,L,1,WARREN,A,3
A28-5-4,48,112,50,958,3290,126,B1,X,L,1,WARREN,A,4
A28-5-5,48,112,50,958,3290,178,B1,X,L,1,WARREN,A,5
A29-1-1,48,112,50,750,3410,-30,B1,X,L,1,WARREN,A,1
A29-1-2,48,112,50,750,3410,22,B1,X,L,1,WARREN,A,2
A29-1-3,48,112,50,750,3410,74,B1,X,L,1,WARREN,A,3
A29-1-4,48,112,50,750,3410,126,B1,X,L,1,WARREN,A,4
A29-1-5,48,112,50,750,3410,178,B1,X,L,1,WARREN,A,5
A29-2-1,48,112,50,802,3410,-30,B1,X,L,1,WARREN,A,1
A29-2-2,48,112,50,802,3410,22,B1,X,L,1,WARREN,A,2
A29-2-3,48,112,50,802,3410,74,B1,X,L,1,WARREN,A,3
A29-2-4,48,112,50,802,3410,126,B1,X,L,1,WARREN,A,4
A29-2-5,48,112,50,802,3410,178,B1,X,L,1,WARREN,A,5
A29-3-1,48,112,50,854,3410,-30,B1,X,L,1,WARREN,A,1
A29-3-2,48,112,50,854,3410,22,B1,X,L,1,WARREN,A,2
A29-3-3,48,112,50,854,3410,74,B1,X,L,1,WARREN,A,3
A29-3-4,48,112,50,854,3410,126,B1,X,L,1,WARREN,A,4
A29-3-5,48,112,50,854,3410,178,B1,X,L,1,WARREN,A,5
A29-4-1,48,112,50,906,3410,-30,B1,X,L,1,WARREN,A,1
A29-4-2,48,112,50,906,3410,22,B1,X,L,1,WARREN,A,2
A29-4-3,48,112,50,906,3410,74,B1,X,L,1,WARREN,A,3
A29-4-4,48,112,50,906,3410,126,B1,X,L,1,WARREN,A,4
A29-4-5,48,112,50,906,3410,178,B1,X,L,1,WARREN,A,5
A29-5-1,48,112,50,958,3410,-30,B1,X,L,1,WARREN,A,1
A29-5-2,48,112,50,958,3410,22,B1,X,L,1,WARREN,A,2
A29-5-3,48,112,50,958,3410,74,B1,X,L,1,WARREN,A,3
A29-5-4,48,112,50,958,3410,126,B1,X,L,1,WARREN,A,4
A29-5-5,48,112,50,958,3410,178,B1,X,L,1,WARREN,A,5
A30-1-1,48,112,50,750,3530,-30,B1,X,L,1,WARREN,A,1
A30-1-2,48,112,50,750,3530,22,B1,X,L,1,WARREN,A,2
A30-1-3,48,112,50,750,3530,74,B1,X,L,1,WARREN,A,3
A30-1-4,48,112,50,750,3530,126,B1,X,L,1,WARREN,A,4
A30-1-5,48,112,50,750,3530,178,B1,X,L,1,WARREN,A,5
A30-2-1,48,112,50,802,3530,-30,B1,X,L,1,WARREN,A,1
A30-2-2,48,112,50,802,3530,22,B1,X,L,1,WARREN,A,2
A30-2-3,48,112,50,802,3530,74,B1,X,L,1,WARREN,A,3
A30-2-4,48,112,50,802,3530,126,B1,X,L,1,WARREN,A,4
A30-2-5,48,112,50,802,3530,178,B1,X,L,1,WARREN,A,5
A30-3-1,48,112,50,854,3530,-30,B1,X,L,1,WARREN,A,1
A30-3-2,48,112,50,854,3530,22,B1,X,L,1,WARREN,A,2
A30-3-3,48,112,50,854,3530,74,B1,X,L,1,WARREN,A,3
A30-3-4,48,112,50,854,3530,126,B1,X,L,1,WARREN,A,4
A30-3-5,48,112,50,854,3530,178,B1,X,L,1,WARREN,A,5
A30-4-1,48,112,50,906,3530,-30,B1,X,L,1,WARREN,A,1
A30-4-2,48,112,50,906,3530,22,B1,X,L,1,WARREN,A,2
A30-4-3,48,112,50,906,3530,74,B1,X,L,1,WARREN,A,3
A30-4-4,48,112,50,906,3530,126,B1,X,L,1,WARREN,A,4
A30-4-5,48,112,50,906,3530,178,B1,X,L,1,WARREN,A,5
A30-5-1,48,112,50,958,3530,-30,B1,X,L,1,WARREN,A,1
A30-5-2,48,112,50,958,3530,22,B1,X,L,1,WARREN,A,2
A30-5-3,48,112,50,958,3530,74,B1,X,L,1,WARREN,A,3
A30-5-4,48,112,50,958,3530,126,B1,X,L,1,WARREN,A,4
A30-5-5,48,112,50,958,3530,178,B1,X,L,1,WARREN,A,5
A31-1-1,48,112,50,750,3650,-30,B1,X,L,1,WARREN,A,1
A31-1-2,48,112,50,750,3650,22,B1,X,L,1,WARREN,A,2
A31-1-3,48,112,50,750,3650,74,B1,X,L,1,WARREN,A,3
A31-1-4,48,112,50,750,3650,126,B1,X,L,1,WARREN,A,4
A31-1-5,48,112,50,750,3650,178,B1,X,L,1,WARREN,A,5
A31-2-1,48,112,50,802,3650,-30,B1,X,L,1,WARREN,A,1
A31-2-2,48,112,50,802,3650,22,B1,X,L,1,WARREN,A,2
A31-2-3,48,112,50,802,3650,74,B1,X,L,1,WARREN,A,3
A31-2-4,48,112,50,802,3650,126,B1,X,L,1,WARREN,A,4
A31-2-5,48,112,50,802,3650,178,B1,X,L,1,WARREN,A,5
A31-3-1,48,112,50,854,3650,-30,B1,X,L,1,WARREN,A,1
A31-3-2,48,112,50,854,3650,22,B1,X,L,1,WARREN,A,2
A31-3-3,48,112,50,854,3650,74,B1,X,L,1,WARREN,A,3
A31-3-4,48,112,50,854,3650,126,B1,X,L,1,WARREN,A,4
A31-3-5,48,112,50,854,3650,178,B1,X,L,1,WARREN,A,5
A31-4-1,48,112,50,906,3650,-30,B1,X,L,1,WARREN,A,1
A31-4-2,48,112,50,906,3650,22,B1,X,L,1,WARREN,A,2
A31-4-3,48,112,50,906,3650,74,B1,X,L,1,WARREN,A,3
A31-4-4,48,112,50,906,3650,126,B1,X,L,1,WARREN,A,4
A31-4-5,48,112,50,906,3650,178,B1,X,L,1,WARREN,A,5
A31-5-1,48,112,50,958,3650,-30,B1,X,L,1,WARREN,A,1
A31-5-2,48,112,50,958,3650,22,B1,X,L,1,WARREN,A,2
A31-5-3,48,112,50,958,3650,74,B1,X,L,1,WARREN,A,3
A31-5-4,48,112,50,958,3650,126,B1,X,L,1,WARREN,A,4
A31-5-5,48,112,50,958,3650,178,B1,X,L,1,WARREN,A,5
A32-1-1,48,112,50,750,3770,-30,B1,X,L,1,WARREN,A,1
A32-1-2,48,112,50,750,3770,22,B1,X,L,1,WARREN,A,2
A32-1-3,48,112,50,750,3770,74,B1,X,L,1,WARREN,A,3
A32-1-4,48,112,50,750,3770,126,B1,X,L,1,WARREN,A,4
A32-1-5,48,112,50,750,3770,178,B1,X,L,1,WARREN,A,5
A32-2-1,48,112,50,802,3770,-30,B1,X,L,1,WARREN,A,1
A32-2-2,48,112,50,802,3770,22,B1,X,L,1,WARREN,A,2
A32-2-3,48,112,50,802,3770,74,B1,X,L,1,WARREN,A,3
A32-2-4,48,112,50,802,3770,126,B1,X,L,1,WARREN,A,4
A32-2-5,48,112,50,802,3770,178,B1,X,L,1,WARREN,A,5
A32-3-1,48,112,50,854,3770,-30,B1,X,L,1,WARREN,A,1
A32-3-2,48,112,50,854,3770,22,B1,X,L,1,WARREN,A,2
A32-3-3,48,112,50,854,3770,74,B1,X,L,1,WARREN,A,3
A32-3-4,48,112,50,854,3770,126,B1,X,L,1,WARREN,A,4
A32-3-5,48,112,50,854,3770,178,B1,X,L,1,WARREN,A,5
A32-4-1,48,112,50,906,3770,-30,B1,X,L,1,WARREN,A,1
A32-4-2,48,112,50,906,3770,22,B1,X,L,1,WARREN,A,2
A32-4-3,48,112,50,906,3770,74,B1,X,L,1,WARREN,A,3
A32-4-4,48,112,50,906,3770,126,B1,X,L,1,WARREN,A,4
A32-4-5,48,112,50,906,3770,178,B1,X,L,1,WARREN,A,5
A32-5-1,48,112,50,958,3770,-30,B1,X,L,1,WARREN,A,1
A32-5-2,48,112,50,958,3770,22,B1,X,L,1,WARREN,A,2
A32-5-3,48,112,50,958,3770,74,B1,X,L,1,WARREN,A,3
A32-5-4,48,112,50,958,3770,126,B1,X,L,1,WARREN,A,4
A32-5-5,48,112,50,958,3770,178,B1,X,L,1,WARREN,A,5
A33-1-1,48,112,50,750,3890,-30,B1,X,L,1,WARREN,A,1
A33-1-2,48,112,50,750,3890,22,B1,X,L,1,WARREN,A,2
A33-1-3,48,112,50,750,3890,74,B1,X,L,1,WARREN,A,3
A33-1-4,48,112,50,750,3890,126,B1,X,L,1,WARREN,A,4
A33-1-5,48,112,50,750,3890,178,B1,X,L,1,WARREN,A,5
A33-2-1,48,112,50,802,3890,-30,B1,X,L,1,WARREN,A,1
A33-2-2,48,112,50,802,3890,22,B1,X,L,1,WARREN,A,2
A33-2-3,48,112,50,802,3890,74,B1,X,L,1,WARREN,A,3
A33-2-4,48,112,50,802,3890,126,B1,X,L,1,WARREN,A,4
A33-2-5,48,112,50,802,3890,178,B1,X,L,1,WARREN,A,5
A33-3-1,48,112,50,854,3890,-30,B1,X,L,1,WARREN,A,1
A33-3-2,48,112,50,854,3890,22,B1,X,L,1,WARREN,A,2
A33-3-3,48,112,50,854,3890,74,B1,X,L,1,WARREN,A,3
A33-3-4,48,112,50,854,3890,126,B1,X,L,1,WARREN,A,4
A33-3-5,48,112,50,854,3890,178,B1,X,L,1,WARREN,A,5
A33-4-1,48,112,50,906,3890,-30,B1,X,L,1,WARREN,A,1
A33-4-2,48,112,50,906,3890,22,B1,X,L,1,WARREN,A,2
A33-4-3,48,112,50,906,3890,74,B1,X,L,1,WARREN,A,3
A33-4-4,48,112,50,906,3890,126,B1,X,L,1,WARREN,A,4
A33-4-5,48,112,50,906,3890,178,B1,X,L,1,WARREN,A,5
A33-5-1,48,112,50,958,3890,-30,B1,X,L,1,WARREN,A,1
A33-5-2,48,112,50,958,3890,22,B1,X,L,1,WARREN,A,2
A33-5-3,48,112,50,958,3890,74,B1,X,L,1,WARREN,A,3
A33-5-4,48,112,50,958,3890,126,B1,X,L,1,WARREN,A,4
A33-5-5,48,112,50,958,3890,178,B1,X,L,1,WARREN,A,5
A34-1-1,48,112,50,750,4010,-30,B1,X,L,1,WARREN,A,1
A34-1-2,48,112,50,750,4010,22,B1,X,L,1,WARREN,A,2
A34-1-3,48,112,50,750,4010,74,B1,X,L,1,WARREN,A,3
A34-1-4,48,112,50,750,4010,126,B1,X,L,1,WARREN,A,4
A34-1-5,48,112,50,750,4010,178,B1,X,L,1,WARREN,A,5
A34-2-1,48,112,50,802,4010,-30,B1,X,L,1,WARREN,A,1
A34-2-2,48,112,50,802,4010,22,B1,X,L,1,WARREN,A,2
A34-2-3,48,112,50,802,4010,74,B1,X,L,1,WARREN,A,3
A34-2-4,48,112,50,802,4010,126,B1,X,L,1,WARREN,A,4
A34-2-5,48,112,50,802,4010,178,B1,X,L,1,WARREN,A,5
A34-3-1,48,112,50,854,4010,-30,B1,X,L,1,WARREN,A,1
A34-3-2,48,112,50,854,4010,22,B1,X,L,1,WARREN,A,2
A34-3-3,48,112,50,854,4010,74,B1,X,L,1,WARREN,A,3
A34-3-4,48,112,50,854,4010,126,B1,X,L,1,WARREN,A,4
A34-3-5,48,112,50,854,4010,178,B1,X,L,1,WARREN,A,5
A34-4-1,48,112,50,906,4010,-30,B1,X,L,1,WARREN,A,1
A34-4-2,48,112,50,906,4010,22,B1,X,L,1,WARREN,A,2
A34-4-3,48,112,50,906,4010,74,B1,X,L,1,WARREN,A,3
A34-4-4,48,112,50,906,4010,126,B1,X,L,1,WARREN,A,4
A34-4-5,48,112,50,906,4010,178,B1,X,L,1,WARREN,A,5
A34-5-1,48,112,50,958,4010,-30,B1,X,L,1,WARREN,A,1
A34-5-2,48,112,50,958,4010,22,B1,X,L,1,WARREN,A,2
A34-5-3,48,112,50,958,4010,74,B1,X,L,1,WARREN,A,3
A34-5-4,48,112,50,958,4010,126,B1,X,L,1,WARREN,A,4
A34-5-5,48,112,50,958,4010,178,B1,X,L,1,WARREN,A,5
C03-1-1,48,112,50,360,2450,-30,B1,X,L,1,WARREN,A,1
C03-1-2,48,112,50,360,2450,22,B1,X,L,1,WARREN,A,2
C03-1-3,48,112,50,360,2450,74,B1,X,L,1,WARREN,A,3
C03-1-4,48,112,50,360,2450,126,B1,X,L,1,WARREN,A,4
C03-1-5,48,112,50,360,2450,178,B1,X,L,1,WARREN,A,5
C03-2-1,48,112,50,412,2450,-30,B1,X,L,1,WARREN,A,1
C03-2-2,48,112,50,412,2450,22,B1,X,L,1,WARREN,A,2
C03-2-3,48,112,50,412,2450,74,B1,X,L,1,WARREN,A,3
C03-2-4,48,112,50,412,2450,126,B1,X,L,1,WARREN,A,4
C03-2-5,48,112,50,412,2450,178,B1,X,L,1,WARREN,A,5
C03-3-1,48,112,50,464,2450,-30,B1,X,L,1,WARREN,A,1
C03-3-2,48,112,50,464,2450,22,B1,X,L,1,WARREN,A,2
C03-3-3,48,112,50,464,2450,74,B1,X,L,1,WARREN,A,3
C03-3-4,48,112,50,464,2450,126,B1,X,L,1,WARREN,A,4
C03-3-5,48,112,50,464,2450,178,B1,X,L,1,WARREN,A,5
C02-1-1,48,112,50,206,2450,-30,B1,X,L,1,WARREN,A,1
C02-1-2,48,112,50,206,2450,22,B1,X,L,1,WARREN,A,2
C02-1-3,48,112,50,206,2450,74,B1,X,L,1,WARREN,A,3
C02-1-4,48,112,50,206,2450,126,B1,X,L,1,WARREN,A,4
C02-1-5,48,112,50,206,2450,178,B1,X,L,1,WARREN,A,5
C02-2-1,48,112,50,256,2450,-30,B1,X,L,1,WARREN,A,1
C02-2-2,48,112,50,256,2450,22,B1,X,L,1,WARREN,A,2
C02-2-3,48,112,50,256,2450,74,B1,X,L,1,WARREN,A,3
C02-2-4,48,112,50,256,2450,126,B1,X,L,1,WARREN,A,4
C02-2-5,48,112,50,256,2450,178,B1,X,L,1,WARREN,A,5
C02-3-1,48,112,50,308,2450,-30,B1,X,L,1,WARREN,A,1
C02-3-2,48,112,50,308,2450,22,B1,X,L,1,WARREN,A,2
C02-3-3,48,112,50,308,2450,74,B1,X,L,1,WARREN,A,3
C02-3-4,48,112,50,308,2450,126,B1,X,L,1,WARREN,A,4
C02-3-5,48,112,50,308,2450,178,B1,X,L,1,WARREN,A,5
C05-1-1,48,112,50,360,2570,-30,B1,X,L,1,WARREN,A,1
C05-1-2,48,112,50,360,2570,22,B1,X,L,1,WARREN,A,2
C05-1-3,48,112,50,360,2570,74,B1,X,L,1,WARREN,A,3
C05-1-4,48,112,50,360,2570,126,B1,X,L,1,WARREN,A,4
C05-1-5,48,112,50,360,2570,178,B1,X,L,1,WARREN,A,5
C05-2-1,48,112,50,412,2570,-30,B1,X,L,1,WARREN,A,1
C05-2-2,48,112,50,412,2570,22,B1,X,L,1,WARREN,A,2
C05-2-3,48,112,50,412,2570,74,B1,X,L,1,WARREN,A,3
C05-2-4,48,112,50,412,2570,126,B1,X,L,1,WARREN,A,4
C05-2-5,48,112,50,412,2570,178,B1,X,L,1,WARREN,A,5
C05-3-1,48,112,50,464,2570,-30,B1,X,L,1,WARREN,A,1
C05-3-2,48,112,50,464,2570,22,B1,X,L,1,WARREN,A,2
C05-3-3,48,112,50,464,2570,74,B1,X,L,1,WARREN,A,3
C05-3-4,48,112,50,464,2570,126,B1,X,L,1,WARREN,A,4
C05-3-5,48,112,50,464,2570,178,B1,X,L,1,WARREN,A,5
C04-1-1,48,112,50,206,2570,-30,B1,X,L,1,WARREN,A,1
C04-1-2,48,112,50,206,2570,22,B1,X,L,1,WARREN,A,2
C04-1-3,48,112,50,206,2570,74,B1,X,L,1,WARREN,A,3
C04-1-4,48,112,50,206,2570,126,B1,X,L,1,WARREN,A,4
C04-1-5,48,112,50,206,2570,178,B1,X,L,1,WARREN,A,5
C04-2-1,48,112,50,256,2570,-30,B1,X,L,1,WARREN,A,1
C04-2-2,48,112,50,256,2570,22,B1,X,L,1,WARREN,A,2
C04-2-3,48,112,50,256,2570,74,B1,X,L,1,WARREN,A,3
C04-2-4,48,112,50,256,2570,126,B1,X,L,1,WARREN,A,4
C04-2-5,48,112,50,256,2570,178,B1,X,L,1,WARREN,A,5
C04-3-1,48,112,50,308,2570,-30,B1,X,L,1,WARREN,A,1
C04-3-2,48,112,50,308,2570,22,B1,X,L,1,WARREN,A,2
C04-3-3,48,112,50,308,2570,74,B1,X,L,1,WARREN,A,3
C04-3-4,48,112,50,308,2570,126,B1,X,L,1,WARREN,A,4
C04-3-5,48,112,50,308,2570,178,B1,X,L,1,WARREN,A,5
C07-1-1,48,112,50,360,2690,-30,B1,X,L,1,WARREN,A,1
C07-1-2,48,112,50,360,2690,22,B1,X,L,1,WARREN,A,2
C07-1-3,48,112,50,360,2690,74,B1,X,L,1,WARREN,A,3
C07-1-4,48,112,50,360,2690,126,B1,X,L,1,WARREN,A,4
C07-1-5,48,112,50,360,2690,178,B1,X,L,1,WARREN,A,5
C07-2-1,48,112,50,412,2690,-30,B1,X,L,1,WARREN,A,1
C07-2-2,48,112,50,412,2690,22,B1,X,L,1,WARREN,A,2
C07-2-3,48,112,50,412,2690,74,B1,X,L,1,WARREN,A,3
C07-2-4,48,112,50,412,2690,126,B1,X,L,1,WARREN,A,4
C07-2-5,48,112,50,412,2690,178,B1,X,L,1,WARREN,A,5
C07-3-1,48,112,50,464,2690,-30,B1,X,L,1,WARREN,A,1
C07-3-2,48,112,50,464,2690,22,B1,X,L,1,WARREN,A,2
C07-3-3,48,112,50,464,2690,74,B1,X,L,1,WARREN,A,3
C07-3-4,48,112,50,464,2690,126,B1,X,L,1,WARREN,A,4
C07-3-5,48,112,50,464,2690,178,B1,X,L,1,WARREN,A,5
C06-1-1,48,112,50,206,2690,-30,B1,X,L,1,WARREN,A,1
C06-1-2,48,112,50,206,2690,22,B1,X,L,1,WARREN,A,2
C06-1-3,48,112,50,206,2690,74,B1,X,L,1,WARREN,A,3
C06-1-4,48,112,50,206,2690,126,B1,X,L,1,WARREN,A,4
C06-1-5,48,112,50,206,2690,178,B1,X,L,1,WARREN,A,5
C06-2-1,48,112,50,256,2690,-30,B1,X,L,1,WARREN,A,1
C06-2-2,48,112,50,256,2690,22,B1,X,L,1,WARREN,A,2
C06-2-3,48,112,50,256,2690,74,B1,X,L,1,WARREN,A,3
C06-2-4,48,112,50,256,2690,126,B1,X,L,1,WARREN,A,4
C06-2-5,48,112,50,256,2690,178,B1,X,L,1,WARREN,A,5
C06-3-1,48,112,50,308,2690,-30,B1,X,L,1,WARREN,A,1
C06-3-2,48,112,50,308,2690,22,B1,X,L,1,WARREN,A,2
C06-3-3,48,112,50,308,2690,74,B1,X,L,1,WARREN,A,3
C06-3-4,48,112,50,308,2690,126,B1,X,L,1,WARREN,A,4
C06-3-5,48,112,50,308,2690,178,B1,X,L,1,WARREN,A,5
A36-1-1,102,48,50,802,4300,0,B1,X,L,1,WARREN,A,1
A36-1-2,102,48,50,802,4300,70,B2,X,L,1,WARREN,A,2
A36-1-3,102,48,50,802,4300,140,B3,X,L,1,WARREN,A,3
A37-1-1,102,48,50,915,4300,0,B1,X,L,1,WARREN,A,1
A37-1-2,102,48,50,915,4300,70,B2,X,L,1,WARREN,A,2
A37-1-3,102,48,50,915,4300,140,B3,X,L,1,WARREN,A,3
A37-2-1,102,48,50,915,4360,0,B1,X,L,1,WARREN,A,1
A37-2-2,102,48,50,915,4360,70,B2,X,L,1,WARREN,A,2
A37-2-3,102,48,50,915,4360,140,B3,X,L,1,WARREN,A,3
S15,40,48,50,780,4360,0,B1,X,L,1,WARREN,A,1
S17,40,48,50,780,4360,70,B2,X,L,1,WARREN,A,2
S19,40,48,50,780,4360,140,B2,X,L,1,WARREN,A,3
S16,40,48,50,830,4360,0,B1,X,L,1,WARREN,A,1
S18,40,48,50,830,4360,70,B2,X,L,1,WARREN,A,2
S20,40,48,50,830,4360,140,B2,X,L,1,WARREN,A,3
N1,102,48,50,915,4420,0,B3,X,L,1,WARREN,A,1
N2,102,48,50,915,4480,0,B3,X,L,1,WARREN,A,1
N3,102,48,50,915,4540,0,B3,X,L,1,WARREN,A,1
N4,102,48,50,915,4600,0,B3,X,L,1,WARREN,A,1
N5,102,48,50,915,4420,70,B3,X,L,1,WARREN,A,1
N6,102,48,50,915,4480,70,B3,X,L,1,WARREN,A,1
N7,102,48,50,915,4540,70,B3,X,L,1,WARREN,A,1
N8,102,48,50,915,4600,70,B3,X,L,1,WARREN,A,1
B5-2-1-1,48,112,50,-90,530,-30,B1,X,L,1,WARREN,A,1
B5-2-1-2,48,112,50,-90,530,22,B1,X,L,1,WARREN,A,2
B5-2-1-3,48,112,50,-90,530,74,B1,X,L,1,WARREN,A,3
B5-2-1-4,48,112,50,-90,530,126,B1,X,L,1,WARREN,A,4
B5-2-1-5,48,112,50,-90,530,178,B1,X,L,1,WARREN,A,5
B5-2-2-1,48,112,50,-140,530,-30,B1,X,L,1,WARREN,A,1
B5-2-2-2,48,112,50,-140,530,22,B1,X,L,1,WARREN,A,2
B5-2-2-3,48,112,50,-140,530,74,B1,X,L,1,WARREN,A,3
B5-2-2-4,48,112,50,-140,530,126,B1,X,L,1,WARREN,A,4
B5-2-2-5,48,112,50,-140,530,178,B1,X,L,1,WARREN,A,5
B6-2-1-1,48,112,50,-90,650,-30,B1,X,L,1,WARREN,A,1
B6-2-1-2,48,112,50,-90,650,22,B1,X,L,1,WARREN,A,2
B6-2-1-3,48,112,50,-90,650,74,B1,X,L,1,WARREN,A,3
B6-2-1-4,48,112,50,-90,650,126,B1,X,L,1,WARREN,A,4
B6-2-1-5,48,112,50,-90,650,178,B1,X,L,1,WARREN,A,5
B6-2-2-1,48,112,50,-140,650,-30,B1,X,L,1,WARREN,A,1
B6-2-2-2,48,112,50,-140,650,22,B1,X,L,1,WARREN,A,2
B6-2-2-3,48,112,50,-140,650,74,B1,X,L,1,WARREN,A,3
B6-2-2-4,48,112,50,-140,650,126,B1,X,L,1,WARREN,A,4
B6-2-2-5,48,112,50,-140,650,178,B1,X,L,1,WARREN,A,5
B7-2-1-1,48,112,50,-90,770,-30,B1,X,L,1,WARREN,A,1
B7-2-1-2,48,112,50,-90,770,22,B1,X,L,1,WARREN,A,2
B7-2-1-3,48,112,50,-90,770,74,B1,X,L,1,WARREN,A,3
B7-2-1-4,48,112,50,-90,770,126,B1,X,L,1,WARREN,A,4
B7-2-1-5,48,112,50,-90,770,178,B1,X,L,1,WARREN,A,5
B7-2-2-1,48,112,50,-140,770,-30,B1,X,L,1,WARREN,A,1
B7-2-2-2,48,112,50,-140,770,22,B1,X,L,1,WARREN,A,2
B7-2-2-3,48,112,50,-140,770,74,B1,X,L,1,WARREN,A,3
B7-2-2-4,48,112,50,-140,770,126,B1,X,L,1,WARREN,A,4
B7-2-2-5,48,112,50,-140,770,178,B1,X,L,1,WARREN,A,5
B8-2-1-1,48,112,50,-90,890,-30,B1,X,L,1,WARREN,A,1
B8-2-1-2,48,112,50,-90,890,22,B1,X,L,1,WARREN,A,2
B8-2-1-3,48,112,50,-90,890,74,B1,X,L,1,WARREN,A,3
B8-2-1-4,48,112,50,-90,890,126,B1,X,L,1,WARREN,A,4
B8-2-1-5,48,112,50,-90,890,178,B1,X,L,1,WARREN,A,5
B8-2-2-1,48,112,50,-140,890,-30,B1,X,L,1,WARREN,A,1
B8-2-2-2,48,112,50,-140,890,22,B1,X,L,1,WARREN,A,2
B8-2-2-3,48,112,50,-140,890,74,B1,X,L,1,WARREN,A,3
B8-2-2-4,48,112,50,-140,890,126,B1,X,L,1,WARREN,A,4
B8-2-2-5,48,112,50,-140,890,178,B1,X,L,1,WARREN,A,5
B9-2-1-1,48,112,50,-90,1010,-30,B1,X,L,1,WARREN,A,1
B9-2-1-2,48,112,50,-90,1010,22,B1,X,L,1,WARREN,A,2
B9-2-1-3,48,112,50,-90,1010,74,B1,X,L,1,WARREN,A,3
B9-2-1-4,48,112,50,-90,1010,126,B1,X,L,1,WARREN,A,4
B9-2-1-5,48,112,50,-90,1010,178,B1,X,L,1,WARREN,A,5
B9-2-2-1,48,112,50,-140,1010,-30,B1,X,L,1,WARREN,A,1
B9-2-2-2,48,112,50,-140,1010,22,B1,X,L,1,WARREN,A,2
B9-2-2-3,48,112,50,-140,1010,74,B1,X,L,1,WARREN,A,3
B9-2-2-4,48,112,50,-140,1010,126,B1,X,L,1,WARREN,A,4
B9-2-2-5,48,112,50,-140,1010,178,B1,X,L,1,WARREN,A,5
B10-2-1-1,48,112,50,-90,1130,-30,B1,X,L,1,WARREN,A,1
B10-2-1-2,48,112,50,-90,1130,22,B1,X,L,1,WARREN,A,2
B10-2-1-3,48,112,50,-90,1130,74,B1,X,L,1,WARREN,A,3
B10-2-1-4,48,112,50,-90,1130,126,B1,X,L,1,WARREN,A,4
B10-2-1-5,48,112,50,-90,1130,178,B1,X,L,1,WARREN,A,5
B10-2-2-1,48,112,50,-140,1130,-30,B1,X,L,1,WARREN,A,1
B10-2-2-2,48,112,50,-140,1130,22,B1,X,L,1,WARREN,A,2
B10-2-2-3,48,112,50,-140,1130,74,B1,X,L,1,WARREN,A,3
B10-2-2-4,48,112,50,-140,1130,126,B1,X,L,1,WARREN,A,4
B10-2-2-5,48,112,50,-140,1130,178,B1,X,L,1,WARREN,A,5
B11-2-1-1,48,112,50,-90,1250,-30,B1,X,L,1,WARREN,A,1
B11-2-1-2,48,112,50,-90,1250,22,B1,X,L,1,WARREN,A,2
B11-2-1-3,48,112,50,-90,1250,74,B1,X,L,1,WARREN,A,3
B11-2-1-4,48,112,50,-90,1250,126,B1,X,L,1,WARREN,A,4
B11-2-1-5,48,112,50,-90,1250,178,B1,X,L,1,WARREN,A,5
B11-2-2-1,48,112,50,-140,1250,-30,B1,X,L,1,WARREN,A,1
B11-2-2-2,48,112,50,-140,1250,22,B1,X,L,1,WARREN,A,2
B11-2-2-3,48,112,50,-140,1250,74,B1,X,L,1,WARREN,A,3
B11-2-2-4,48,112,50,-140,1250,126,B1,X,L,1,WARREN,A,4
B11-2-2-5,48,112,50,-140,1250,178,B1,X,L,1,WARREN,A,5
B12-2-1-1,48,112,50,-90,1370,-30,B1,X,L,1,WARREN,A,1
B12-2-1-2,48,112,50,-90,1370,22,B1,X,L,1,WARREN,A,2
B12-2-1-3,48,112,50,-90,1370,74,B1,X,L,1,WARREN,A,3
B12-2-1-4,48,112,50,-90,1370,126,B1,X,L,1,WARREN,A,4
B12-2-1-5,48,112,50,-90,1370,178,B1,X,L,1,WARREN,A,5
B12-2-2-1,48,112,50,-140,1370,-30,B1,X,L,1,WARREN,A,1
B12-2-2-2,48,112,50,-140,1370,22,B1,X,L,1,WARREN,A,2
B12-2-2-3,48,112,50,-140,1370,74,B1,X,L,1,WARREN,A,3
B12-2-2-4,48,112,50,-140,1370,126,B1,X,L,1,WARREN,A,4
B12-2-2-5,48,112,50,-140,1370,178,B1,X,L,1,WARREN,A,5
B13-2-1-1,48,112,50,-90,1490,-30,B1,X,L,1,WARREN,A,1
B13-2-1-2,48,112,50,-90,1490,22,B1,X,L,1,WARREN,A,2
B13-2-1-3,48,112,50,-90,1490,74,B1,X,L,1,WARREN,A,3
B13-2-1-4,48,112,50,-90,1490,126,B1,X,L,1,WARREN,A,4
B13-2-1-5,48,112,50,-90,1490,178,B1,X,L,1,WARREN,A,5
B13-2-2-1,48,112,50,-140,1490,-30,B1,X,L,1,WARREN,A,1
B13-2-2-2,48,112,50,-140,1490,22,B1,X,L,1,WARREN,A,2
B13-2-2-3,48,112,50,-140,1490,74,B1,X,L,1,WARREN,A,3
B13-2-2-4,48,112,50,-140,1490,126,B1,X,L,1,WARREN,A,4
B13-2-2-5,48,112,50,-140,1490,178,B1,X,L,1,WARREN,A,5
B14-2-1-1,48,112,50,-90,1610,-30,B1,X,L,1,WARREN,A,1
B14-2-1-2,48,112,50,-90,1610,22,B1,X,L,1,WARREN,A,2
B14-2-1-3,48,112,50,-90,1610,74,B1,X,L,1,WARREN,A,3
B14-2-1-4,48,112,50,-90,1610,126,B1,X,L,1,WARREN,A,4
B14-2-1-5,48,112,50,-90,1610,178,B1,X,L,1,WARREN,A,5
B14-2-2-1,48,112,50,-140,1610,-30,B1,X,L,1,WARREN,A,1
B14-2-2-2,48,112,50,-140,1610,22,B1,X,L,1,WARREN,A,2
B14-2-2-3,48,112,50,-140,1610,74,B1,X,L,1,WARREN,A,3
B14-2-2-4,48,112,50,-140,1610,126,B1,X,L,1,WARREN,A,4
B14-2-2-5,48,112,50,-140,1610,178,B1,X,L,1,WARREN,A,5
B15-2-1-1,48,112,50,-90,1730,-30,B1,X,L,1,WARREN,A,1
B15-2-1-2,48,112,50,-90,1730,22,B1,X,L,1,WARREN,A,2
B15-2-1-3,48,112,50,-90,1730,74,B1,X,L,1,WARREN,A,3
B15-2-1-4,48,112,50,-90,1730,126,B1,X,L,1,WARREN,A,4
B15-2-1-5,48,112,50,-90,1730,178,B1,X,L,1,WARREN,A,5
B15-2-2-1,48,112,50,-140,1730,-30,B1,X,L,1,WARREN,A,1
B15-2-2-2,48,112,50,-140,1730,22,B1,X,L,1,WARREN,A,2
B15-2-2-3,48,112,50,-140,1730,74,B1,X,L,1,WARREN,A,3
B15-2-2-4,48,112,50,-140,1730,126,B1,X,L,1,WARREN,A,4
B15-2-2-5,48,112,50,-140,1730,178,B1,X,L,1,WARREN,A,5
B16-2-1-1,48,112,50,-90,1850,-30,B1,X,L,1,WARREN,A,1
B16-2-1-2,48,112,50,-90,1850,22,B1,X,L,1,WARREN,A,2
B16-2-1-3,48,112,50,-90,1850,74,B1,X,L,1,WARREN,A,3
B16-2-1-4,48,112,50,-90,1850,126,B1,X,L,1,WARREN,A,4
B16-2-1-5,48,112,50,-90,1850,178,B1,X,L,1,WARREN,A,5
B16-2-2-1,48,112,50,-140,1850,-30,B1,X,L,1,WARREN,A,1
B16-2-2-2,48,112,50,-140,1850,22,B1,X,L,1,WARREN,A,2
B16-2-2-3,48,112,50,-140,1850,74,B1,X,L,1,WARREN,A,3
B16-2-2-4,48,112,50,-140,1850,126,B1,X,L,1,WARREN,A,4
B16-2-2-5,48,112,50,-140,1850,178,B1,X,L,1,WARREN,A,5
D1-1-1,48,112,50,-90,2570,-30,B1,X,L,1,WARREN,A,1
D1-1-2,48,112,50,-90,2570,22,B1,X,L,1,WARREN,A,2
D1-1-3,48,112,50,-90,2570,74,B1,X,L,1,WARREN,A,3
D1-1-4,48,112,50,-90,2570,126,B1,X,L,1,WARREN,A,4
D1-1-5,48,112,50,-90,2570,178,B1,X,L,1,WARREN,A,5
D1-2-1,48,112,50,-140,2570,-30,B1,X,L,1,WARREN,A,1
D1-2-2,48,112,50,-140,2570,22,B1,X,L,1,WARREN,A,2
D1-2-3,48,112,50,-140,2570,74,B1,X,L,1,WARREN,A,3
D1-2-4,48,112,50,-140,2570,126,B1,X,L,1,WARREN,A,4
D1-2-5,48,112,50,-140,2570,178,B1,X,L,1,WARREN,A,5
